﻿"Time","ts-station-food-service-bbffbd779-qbpwz","ts-auth-service-5cd94cf4c9-pr4sc","ts-consign-service-69fdbff744-t4nnm","ts-execute-service-667756b4bf-vrl4r","ts-travel-plan-service-57865655f6-vklhv","ts-basic-service-c57455994-5rf52","ts-food-delivery-service-85c449576c-7jtrf","ts-train-service-c7fc88877-mm8n9","ts-config-service-55f74d8b79-mt2ln","tsdb-mysql-2","ts-assurance-service-569ffd759f-nzddv","tsdb-mysql-2","prometheus-operator-fb994f4c4-9qdfg","tsdb-mysql-0","ts-admin-route-service-5d486755c-mxt4j","tsdb-mysql-1","ts-order-other-service-6666b4d4d-x6l64","ts-ui-dashboard-7b5d44c888-gqlfj","ts-delivery-service-857d89f589-nrpbf","nacosdb-mysql-0","ts-avatar-service-ff8977c96-z6h7t","ts-travel-service-699599cdf5-mffdb","ts-seat-service-54f7bb8465-rzgwd","nacosdb-mysql-2","prometheus-main-0","ts-admin-travel-service-7d4d447494-lz7vv","ts-wait-order-service-6f7f78bb5d-8f78g","ts-verification-code-service-58d4c7b777-p96jk","tsdb-mysql-0","ts-rebook-service-79586f4dbc-lh6w9","grafana-745d5965f5-vwfq9","ts-consign-price-service-764c676495-rblv4","ts-consign-price-service-764c676495-rblv4","ts-consign-price-service-764c676495-rblv4","ts-preserve-service-56dfc8d6d-vnlpb","ts-route-plan-service-6594877d59-qrh8f","nacosdb-mysql-1","ts-user-service-77988d68d8-kp6gg","cadvisor-zrs5l","ts-route-service-6f5855dc47-7ht8z","ts-station-service-798774f5d-dpsf5","nacosdb-mysql-1","ts-gateway-service-8585c745cd-mn5vn","ts-food-service-85b5445f7-69dvs","ts-notification-service-66777dd945-g9l6f","ts-preserve-other-service-5b9bbf9cf-hjzpg","ts-order-service-69885cc6c8-4mcjr","ts-admin-basic-info-service-d8d4b4ff9-s7zth","ts-voucher-service-7545b4fb7c-v46q2","ts-cancel-service-55b6778574-7zfnb","kube-state-metrics-57969c69d7-rx485","nacosdb-mysql-2","ts-admin-user-service-c544d7b74-xj8pn","ts-price-service-55c8646c4c-hjw4b","ts-ticket-office-service-9979b76f9-ztj64","ts-news-service-7665fdf4c-hlrml","prometheus-main-0","ts-admin-order-service-787856598f-fl56n","tsdb-mysql-1","nacosdb-mysql-0","ts-train-food-service-f544897f-jd76n","ts-inside-payment-service-7f87878d9f-mqp8l","ts-travel2-service-5db558f8d9-4tk7g","ts-payment-service-7fc4c49d89-7zrgj","ts-contacts-service-69864b9cd7-j7kng","ts-security-service-7fd5f9ff9c-k4nxj"
2024-01-03 15:40:00,0 s,0 s,0 s,0 s,0 s,0 s,0 s,0 s,0 s,0 s,0 s,12.2 ms,0 s,0 s,0 s,0 s,0 s,0 s,0 s,0 s,0 s,0 s,0 s,0 s,0 s,0 s,0 s,0 s,27.4 ms,0 s,0 s,,,,0 s,0 s,0 s,0 s,2.1 s,0 s,0 s,12.8 ms,0 s,0 s,0 s,0 s,0 s,0 s,0 s,0 s,0 s,5.7 ms,0 s,0 s,0 s,0 s,0 s,0 s,33.9 ms,31.4 ms,0 s,0 s,0 s,0 s,0 s,0 s
2024-01-03 15:40:05,0 s,0 s,0 s,0 s,0 s,0 s,0 s,0 s,0 s,0 s,0 s,12.1 ms,0 s,0 s,0 s,0 s,0 s,0 s,0 s,0 s,0 s,0 s,0 s,0 s,0 s,0 s,0 s,0 s,25.4 ms,0 s,0 s,,,,0 s,0 s,0 s,0 s,2.1 s,0 s,0 s,11.8 ms,0 s,0 s,0 s,0 s,0 s,0 s,0 s,0 s,0 s,7.7 ms,0 s,0 s,0 s,0 s,0 s,0 s,28.1 ms,27.7 ms,0 s,0 s,0 s,0 s,0 s,0 s
2024-01-03 15:40:10,0 s,0 s,0 s,0 s,0 s,0 s,0 s,0 s,0 s,0 s,0 s,16.7 ms,0 s,0 s,0 s,0 s,0 s,0 s,0 s,0 s,0 s,0 s,0 s,0 s,0 s,0 s,0 s,0 s,33.6 ms,0 s,0 s,,,,0 s,0 s,0 s,0 s,2.2 s,0 s,0 s,13.0 ms,0 s,0 s,0 s,0 s,0 s,0 s,0 s,0 s,0 s,7.7 ms,0 s,0 s,0 s,0 s,0 s,0 s,32.2 ms,32.4 ms,0 s,0 s,0 s,0 s,0 s,0 s
2024-01-03 15:40:15,0 s,0 s,0 s,0 s,0 s,0 s,0 s,0 s,0 s,0 s,0 s,17.0 ms,0 s,0 s,0 s,0 s,0 s,0 s,0 s,0 s,0 s,0 s,0 s,0 s,0 s,0 s,0 s,0 s,32.7 ms,0 s,0 s,,,,0 s,0 s,0 s,0 s,2.1 s,0 s,0 s,12.5 ms,0 s,0 s,0 s,0 s,0 s,0 s,0 s,0 s,0 s,11.4 ms,0 s,0 s,0 s,0 s,0 s,0 s,27.0 ms,31.2 ms,0 s,0 s,0 s,0 s,0 s,0 s
2024-01-03 15:40:20,0 s,0 s,0 s,0 s,0 s,0 s,0 s,0 s,0 s,0 s,0 s,16.8 ms,0 s,0 s,0 s,0 s,0 s,0 s,0 s,0 s,0 s,0 s,0 s,0 s,0 s,0 s,0 s,0 s,32.8 ms,0 s,0 s,,,,0 s,0 s,0 s,0 s,2.1 s,0 s,0 s,13.3 ms,0 s,0 s,0 s,0 s,0 s,0 s,0 s,0 s,0 s,16.1 ms,0 s,0 s,0 s,0 s,0 s,0 s,26.9 ms,34.1 ms,0 s,0 s,0 s,0 s,0 s,0 s
2024-01-03 15:40:25,0 s,0 s,0 s,0 s,0 s,0 s,0 s,0 s,0 s,0 s,0 s,20.3 ms,0 s,0 s,0 s,0 s,0 s,0 s,0 s,0 s,0 s,0 s,0 s,0 s,0 s,0 s,0 s,0 s,29.5 ms,0 s,0 s,,,,0 s,0 s,0 s,0 s,2.1 s,0 s,0 s,11.2 ms,0 s,0 s,0 s,0 s,0 s,0 s,0 s,0 s,0 s,15.3 ms,0 s,0 s,0 s,0 s,0 s,0 s,31.8 ms,25.8 ms,0 s,0 s,0 s,0 s,0 s,0 s
2024-01-03 15:40:30,0 s,0 s,0 s,0 s,0 s,0 s,0 s,0 s,0 s,0 s,0 s,21.0 ms,0 s,0 s,0 s,0 s,0 s,0 s,0 s,0 s,0 s,0 s,0 s,0 s,0 s,0 s,0 s,0 s,31.8 ms,0 s,0 s,,,,0 s,0 s,0 s,0 s,2.1 s,0 s,0 s,14.0 ms,0 s,0 s,0 s,0 s,0 s,0 s,0 s,0 s,0 s,17.3 ms,0 s,0 s,0 s,0 s,0 s,0 s,25.7 ms,30.1 ms,0 s,0 s,0 s,0 s,0 s,0 s
2024-01-03 15:40:35,0 s,0 s,0 s,0 s,0 s,0 s,0 s,0 s,0 s,0 s,0 s,17.2 ms,0 s,0 s,0 s,0 s,0 s,0 s,0 s,0 s,0 s,0 s,0 s,0 s,0 s,0 s,0 s,0 s,31.4 ms,0 s,0 s,,,,0 s,0 s,0 s,0 s,2.0 s,0 s,0 s,13.9 ms,0 s,0 s,0 s,0 s,0 s,0 s,0 s,0 s,0 s,17.5 ms,0 s,0 s,0 s,0 s,0 s,0 s,19.7 ms,25.3 ms,0 s,0 s,0 s,0 s,0 s,0 s
2024-01-03 15:40:40,0 s,0 s,0 s,0 s,0 s,0 s,0 s,0 s,0 s,0 s,0 s,17.1 ms,0 s,0 s,0 s,0 s,0 s,0 s,0 s,0 s,0 s,0 s,0 s,0 s,0 s,0 s,0 s,0 s,33.9 ms,0 s,0 s,,,,0 s,0 s,0 s,0 s,2.0 s,0 s,0 s,12.4 ms,0 s,0 s,0 s,0 s,0 s,0 s,0 s,0 s,0 s,19.1 ms,0 s,0 s,0 s,0 s,0 s,0 s,30.1 ms,29.2 ms,0 s,0 s,0 s,0 s,0 s,0 s
2024-01-03 15:40:45,0 s,0 s,0 s,0 s,0 s,0 s,0 s,0 s,0 s,0 s,0 s,16.4 ms,0 s,0 s,0 s,0 s,0 s,0 s,0 s,0 s,0 s,0 s,0 s,0 s,0 s,0 s,0 s,0 s,21.3 ms,0 s,0 s,,,,0 s,0 s,0 s,0 s,2.1 s,0 s,0 s,9.0 ms,0 s,0 s,0 s,0 s,0 s,0 s,0 s,0 s,0 s,22.3 ms,0 s,0 s,0 s,0 s,0 s,0 s,30.0 ms,28.1 ms,0 s,0 s,0 s,0 s,0 s,0 s
2024-01-03 15:40:50,0 s,0 s,0 s,0 s,0 s,0 s,0 s,0 s,0 s,0 s,0 s,20.8 ms,0 s,0 s,0 s,0 s,0 s,0 s,0 s,0 s,0 s,0 s,0 s,0 s,0 s,0 s,0 s,0 s,24.6 ms,0 s,0 s,,,,0 s,0 s,0 s,0 s,2.0 s,0 s,0 s,9.5 ms,0 s,0 s,0 s,0 s,0 s,0 s,0 s,0 s,0 s,22.9 ms,0 s,0 s,0 s,0 s,0 s,0 s,36.5 ms,31.5 ms,0 s,0 s,0 s,0 s,0 s,0 s
2024-01-03 15:40:55,0 s,0 s,0 s,0 s,0 s,0 s,0 s,0 s,0 s,0 s,0 s,20.5 ms,0 s,0 s,0 s,0 s,0 s,0 s,0 s,0 s,0 s,0 s,0 s,0 s,0 s,0 s,0 s,0 s,24.7 ms,0 s,0 s,,,,0 s,0 s,0 s,0 s,2.1 s,0 s,0 s,7.3 ms,0 s,0 s,0 s,0 s,0 s,0 s,0 s,0 s,0 s,22.9 ms,0 s,0 s,0 s,0 s,0 s,0 s,32.4 ms,25.0 ms,0 s,0 s,0 s,0 s,0 s,0 s
2024-01-03 15:41:00,0 s,0 s,0 s,0 s,0 s,0 s,0 s,0 s,0 s,0 s,0 s,20.7 ms,0 s,0 s,0 s,0 s,0 s,0 s,0 s,0 s,0 s,0 s,0 s,0 s,0 s,0 s,0 s,0 s,24.6 ms,0 s,0 s,,,,0 s,0 s,0 s,0 s,2.0 s,0 s,0 s,7.9 ms,0 s,0 s,0 s,0 s,0 s,0 s,0 s,0 s,0 s,21.2 ms,0 s,0 s,0 s,0 s,0 s,0 s,36.7 ms,26.5 ms,0 s,0 s,0 s,0 s,0 s,0 s
2024-01-03 15:41:05,0 s,0 s,0 s,0 s,0 s,0 s,0 s,0 s,0 s,0 s,0 s,12.9 ms,0 s,0 s,0 s,0 s,0 s,0 s,0 s,0 s,0 s,0 s,0 s,0 s,0 s,0 s,0 s,0 s,20.1 ms,0 s,0 s,,,,0 s,0 s,0 s,0 s,1.9 s,0 s,0 s,9.8 ms,0 s,0 s,0 s,0 s,0 s,0 s,0 s,0 s,0 s,21.3 ms,0 s,0 s,0 s,0 s,0 s,0 s,33.2 ms,22.0 ms,0 s,0 s,0 s,0 s,0 s,0 s
2024-01-03 15:41:10,0 s,0 s,0 s,0 s,0 s,0 s,0 s,0 s,0 s,0 s,0 s,12.6 ms,0 s,0 s,0 s,0 s,0 s,0 s,0 s,0 s,0 s,0 s,0 s,0 s,0 s,0 s,0 s,0 s,22.1 ms,0 s,0 s,,,,0 s,0 s,0 s,0 s,1.8 s,0 s,0 s,19.3 ms,0 s,0 s,0 s,0 s,0 s,0 s,0 s,0 s,0 s,32.6 ms,0 s,0 s,0 s,0 s,0 s,0 s,32.9 ms,23.1 ms,0 s,0 s,0 s,0 s,0 s,0 s
2024-01-03 15:41:15,0 s,0 s,0 s,0 s,0 s,0 s,0 s,0 s,0 s,0 s,0 s,28.2 ms,0 s,0 s,0 s,0 s,0 s,0 s,0 s,0 s,0 s,0 s,0 s,0 s,0 s,0 s,0 s,0 s,27.1 ms,0 s,0 s,,,,0 s,0 s,0 s,0 s,1.8 s,0 s,0 s,21.1 ms,0 s,0 s,0 s,0 s,0 s,0 s,0 s,0 s,0 s,28.1 ms,0 s,0 s,0 s,0 s,0 s,0 s,34.1 ms,19.8 ms,0 s,0 s,0 s,0 s,0 s,0 s
2024-01-03 15:41:20,0 s,0 s,0 s,0 s,0 s,0 s,0 s,0 s,0 s,0 s,0 s,25.0 ms,0 s,0 s,0 s,0 s,0 s,0 s,0 s,0 s,0 s,0 s,0 s,0 s,0 s,0 s,0 s,0 s,24.9 ms,0 s,0 s,,,,0 s,0 s,0 s,0 s,1.8 s,0 s,0 s,22.0 ms,0 s,0 s,0 s,0 s,0 s,0 s,0 s,0 s,0 s,27.6 ms,0 s,0 s,0 s,0 s,0 s,0 s,29.0 ms,25.0 ms,0 s,0 s,0 s,0 s,0 s,0 s
2024-01-03 15:41:25,0 s,0 s,0 s,0 s,0 s,0 s,0 s,0 s,0 s,0 s,0 s,42.3 ms,0 s,0 s,0 s,0 s,0 s,0 s,0 s,0 s,0 s,0 s,0 s,0 s,0 s,0 s,0 s,0 s,27.2 ms,0 s,0 s,,,,0 s,0 s,0 s,0 s,1.7 s,0 s,0 s,30.0 ms,0 s,0 s,0 s,0 s,0 s,0 s,0 s,0 s,0 s,39.9 ms,0 s,0 s,0 s,0 s,0 s,0 s,30.5 ms,20.4 ms,0 s,0 s,0 s,0 s,0 s,0 s
2024-01-03 15:41:30,0 s,0 s,0 s,0 s,0 s,0 s,0 s,0 s,0 s,0 s,0 s,41.4 ms,0 s,0 s,0 s,0 s,0 s,0 s,0 s,0 s,0 s,0 s,0 s,0 s,0 s,0 s,0 s,0 s,32.3 ms,0 s,0 s,,,,0 s,0 s,0 s,0 s,1.7 s,0 s,0 s,35.5 ms,0 s,0 s,0 s,0 s,0 s,0 s,0 s,0 s,0 s,39.6 ms,0 s,0 s,0 s,0 s,0 s,0 s,32.3 ms,24.6 ms,0 s,0 s,0 s,0 s,0 s,0 s
2024-01-03 15:41:35,0 s,0 s,0 s,0 s,0 s,0 s,0 s,0 s,0 s,0 s,0 s,41.2 ms,0 s,0 s,0 s,0 s,0 s,0 s,0 s,0 s,0 s,0 s,0 s,0 s,0 s,0 s,0 s,0 s,29.5 ms,0 s,0 s,,,,0 s,0 s,0 s,0 s,1.6 s,0 s,0 s,35.1 ms,0 s,0 s,0 s,0 s,0 s,0 s,0 s,0 s,0 s,44.2 ms,0 s,0 s,0 s,0 s,0 s,0 s,24.6 ms,19.7 ms,0 s,0 s,0 s,0 s,0 s,0 s
2024-01-03 15:41:40,0 s,0 s,0 s,0 s,0 s,0 s,0 s,0 s,0 s,0 s,0 s,41.1 ms,0 s,0 s,0 s,0 s,0 s,0 s,0 s,0 s,0 s,0 s,0 s,0 s,0 s,0 s,0 s,0 s,30.3 ms,0 s,0 s,,,,0 s,0 s,0 s,0 s,1.5 s,0 s,0 s,37.5 ms,0 s,0 s,0 s,0 s,0 s,0 s,0 s,0 s,0 s,42.2 ms,0 s,0 s,0 s,0 s,0 s,0 s,27.2 ms,21.7 ms,0 s,0 s,0 s,0 s,0 s,0 s
2024-01-03 15:41:45,0 s,0 s,0 s,0 s,0 s,0 s,0 s,0 s,0 s,0 s,0 s,38.2 ms,0 s,0 s,0 s,0 s,0 s,0 s,0 s,0 s,0 s,797.6 µs,0 s,0 s,0 s,0 s,0 s,0 s,27.4 ms,0 s,0 s,,,,0 s,0 s,0 s,0 s,1.6 s,0 s,0 s,37.4 ms,0 s,0 s,0 s,0 s,0 s,0 s,0 s,0 s,0 s,42.0 ms,0 s,0 s,0 s,0 s,0 s,0 s,20.0 ms,14.0 ms,0 s,0 s,0 s,0 s,0 s,0 s
2024-01-03 15:41:50,0 s,0 s,0 s,0 s,0 s,0 s,0 s,0 s,0 s,0 s,0 s,40.2 ms,0 s,0 s,0 s,0 s,0 s,0 s,0 s,0 s,0 s,796.9 µs,0 s,0 s,0 s,0 s,0 s,0 s,23.0 ms,0 s,0 s,,,,0 s,0 s,0 s,0 s,1.5 s,0 s,0 s,51.9 ms,0 s,0 s,0 s,0 s,0 s,0 s,0 s,0 s,0 s,42.2 ms,0 s,0 s,0 s,0 s,0 s,0 s,19.6 ms,14.3 ms,0 s,0 s,0 s,0 s,0 s,0 s
2024-01-03 15:41:55,0 s,0 s,0 s,0 s,0 s,0 s,0 s,0 s,0 s,0 s,0 s,40.4 ms,0 s,0 s,0 s,0 s,0 s,0 s,0 s,0 s,0 s,803.1 µs,0 s,0 s,0 s,0 s,0 s,0 s,43.7 ms,0 s,0 s,,,,0 s,0 s,0 s,0 s,1.5 s,0 s,0 s,51.4 ms,0 s,0 s,0 s,0 s,0 s,0 s,0 s,0 s,0 s,42.6 ms,0 s,0 s,0 s,0 s,0 s,0 s,15.4 ms,15.7 ms,0 s,0 s,0 s,0 s,0 s,0 s
2024-01-03 15:42:00,0 s,0 s,0 s,0 s,0 s,0 s,0 s,0 s,0 s,0 s,0 s,51.7 ms,0 s,0 s,0 s,0 s,0 s,0 s,0 s,0 s,0 s,799.7 µs,0 s,0 s,0 s,0 s,0 s,0 s,44.9 ms,0 s,0 s,,,,0 s,0 s,0 s,0 s,1.5 s,0 s,0 s,48.4 ms,0 s,0 s,0 s,0 s,0 s,0 s,0 s,0 s,0 s,45.0 ms,0 s,0 s,0 s,0 s,0 s,0 s,15.8 ms,18.2 ms,0 s,0 s,0 s,0 s,0 s,0 s
2024-01-03 15:42:05,0 s,0 s,0 s,0 s,0 s,0 s,0 s,0 s,0 s,0 s,0 s,52.3 ms,0 s,0 s,0 s,0 s,0 s,0 s,0 s,0 s,0 s,793.5 µs,0 s,0 s,0 s,0 s,0 s,0 s,42.4 ms,0 s,0 s,,,,0 s,0 s,0 s,0 s,1.6 s,0 s,0 s,40.3 ms,0 s,0 s,0 s,0 s,0 s,0 s,0 s,0 s,0 s,30.9 ms,0 s,0 s,0 s,0 s,0 s,0 s,15.6 ms,17.0 ms,0 s,0 s,0 s,0 s,0 s,0 s
2024-01-03 15:42:10,0 s,0 s,0 s,0 s,0 s,0 s,0 s,0 s,0 s,0 s,0 s,40.7 ms,0 s,0 s,0 s,0 s,0 s,0 s,0 s,0 s,0 s,788.3 µs,0 s,0 s,0 s,0 s,0 s,0 s,39.5 ms,0 s,0 s,,,,0 s,0 s,0 s,0 s,1.6 s,0 s,0 s,37.6 ms,0 s,0 s,0 s,0 s,0 s,0 s,0 s,0 s,0 s,33.6 ms,0 s,0 s,0 s,0 s,0 s,0 s,15.4 ms,19.0 ms,0 s,0 s,0 s,0 s,0 s,0 s
2024-01-03 15:42:15,0 s,0 s,0 s,0 s,0 s,0 s,0 s,0 s,0 s,0 s,0 s,40.1 ms,0 s,0 s,0 s,0 s,0 s,0 s,0 s,0 s,0 s,802.3 µs,0 s,0 s,0 s,0 s,0 s,0 s,42.2 ms,0 s,0 s,,,,0 s,0 s,0 s,0 s,1.6 s,0 s,0 s,40.7 ms,0 s,0 s,0 s,0 s,0 s,0 s,0 s,0 s,0 s,34.3 ms,0 s,0 s,0 s,0 s,0 s,0 s,15.3 ms,20.0 ms,0 s,0 s,0 s,0 s,0 s,0 s
2024-01-03 15:42:20,0 s,0 s,0 s,0 s,0 s,0 s,0 s,0 s,0 s,0 s,0 s,20.8 ms,0 s,0 s,0 s,0 s,0 s,0 s,0 s,0 s,0 s,800.1 µs,0 s,0 s,0 s,0 s,0 s,0 s,41.8 ms,0 s,0 s,,,,0 s,0 s,0 s,0 s,1.6 s,0 s,0 s,33.4 ms,0 s,0 s,0 s,0 s,0 s,0 s,0 s,0 s,0 s,22.9 ms,0 s,0 s,0 s,0 s,0 s,0 s,14.1 ms,23.2 ms,0 s,0 s,0 s,0 s,0 s,0 s
2024-01-03 15:42:25,0 s,0 s,0 s,0 s,0 s,0 s,0 s,0 s,0 s,0 s,0 s,25.7 ms,0 s,0 s,0 s,0 s,0 s,0 s,0 s,0 s,0 s,778.8 µs,0 s,0 s,0 s,0 s,0 s,0 s,37.3 ms,0 s,0 s,,,,0 s,0 s,0 s,0 s,1.7 s,0 s,0 s,27.6 ms,0 s,0 s,0 s,0 s,0 s,0 s,0 s,0 s,0 s,23.2 ms,0 s,0 s,0 s,0 s,0 s,0 s,12.3 ms,19.1 ms,0 s,0 s,0 s,0 s,0 s,0 s
2024-01-03 15:42:30,0 s,0 s,0 s,0 s,0 s,0 s,0 s,0 s,0 s,0 s,0 s,26.6 ms,0 s,0 s,0 s,0 s,0 s,0 s,0 s,0 s,0 s,795.1 µs,0 s,0 s,0 s,0 s,0 s,0 s,37.9 ms,0 s,0 s,,,,0 s,0 s,0 s,0 s,1.7 s,0 s,0 s,30.9 ms,0 s,0 s,0 s,0 s,0 s,0 s,0 s,0 s,0 s,15.4 ms,0 s,0 s,0 s,0 s,0 s,0 s,9.4 ms,19.4 ms,0 s,0 s,0 s,0 s,0 s,0 s
2024-01-03 15:42:35,0 s,0 s,0 s,0 s,0 s,0 s,0 s,0 s,0 s,0 s,0 s,26.5 ms,0 s,0 s,0 s,0 s,0 s,0 s,0 s,0 s,0 s,800.0 µs,0 s,0 s,0 s,0 s,0 s,0 s,39.5 ms,0 s,0 s,,,,0 s,0 s,0 s,0 s,1.7 s,0 s,0 s,29.4 ms,0 s,0 s,0 s,0 s,0 s,0 s,0 s,0 s,0 s,15.1 ms,0 s,0 s,0 s,0 s,0 s,0 s,9.4 ms,17.7 ms,0 s,0 s,0 s,0 s,0 s,0 s
2024-01-03 15:42:40,0 s,0 s,0 s,0 s,0 s,0 s,0 s,0 s,0 s,0 s,0 s,26.5 ms,0 s,0 s,0 s,0 s,0 s,0 s,0 s,0 s,0 s,0 s,0 s,0 s,0 s,0 s,0 s,0 s,44.0 ms,0 s,0 s,,,,0 s,0 s,0 s,0 s,1.7 s,0 s,0 s,29.8 ms,0 s,0 s,0 s,0 s,0 s,0 s,0 s,0 s,0 s,25.0 ms,0 s,0 s,0 s,0 s,0 s,0 s,12.2 ms,20.5 ms,0 s,0 s,0 s,0 s,0 s,0 s
2024-01-03 15:42:45,0 s,0 s,0 s,0 s,0 s,0 s,0 s,0 s,0 s,0 s,0 s,24.6 ms,0 s,0 s,0 s,0 s,0 s,0 s,0 s,0 s,0 s,0 s,0 s,0 s,0 s,0 s,0 s,0 s,45.3 ms,0 s,0 s,,,,0 s,0 s,0 s,0 s,1.7 s,0 s,0 s,22.0 ms,0 s,0 s,0 s,0 s,0 s,0 s,0 s,0 s,0 s,24.6 ms,0 s,0 s,0 s,0 s,0 s,0 s,9.4 ms,20.2 ms,0 s,0 s,0 s,0 s,0 s,0 s
2024-01-03 15:42:50,0 s,0 s,0 s,0 s,0 s,0 s,0 s,0 s,0 s,0 s,0 s,39.5 ms,0 s,0 s,0 s,0 s,0 s,0 s,0 s,0 s,0 s,0 s,0 s,0 s,0 s,0 s,0 s,0 s,43.1 ms,0 s,0 s,,,,0 s,0 s,0 s,0 s,1.7 s,0 s,0 s,33.0 ms,0 s,0 s,0 s,0 s,0 s,0 s,0 s,0 s,0 s,23.6 ms,0 s,0 s,0 s,0 s,0 s,0 s,15.0 ms,18.0 ms,0 s,0 s,0 s,0 s,0 s,0 s
2024-01-03 15:42:55,0 s,0 s,0 s,0 s,0 s,0 s,0 s,0 s,0 s,0 s,0 s,27.3 ms,0 s,0 s,0 s,0 s,0 s,0 s,0 s,0 s,0 s,0 s,0 s,0 s,0 s,0 s,0 s,0 s,39.5 ms,0 s,0 s,,,,0 s,0 s,0 s,0 s,1.7 s,0 s,0 s,33.2 ms,0 s,0 s,0 s,0 s,0 s,0 s,0 s,0 s,0 s,23.9 ms,0 s,0 s,0 s,0 s,0 s,0 s,14.8 ms,16.0 ms,0 s,0 s,0 s,0 s,0 s,0 s
2024-01-03 15:43:00,0 s,0 s,0 s,0 s,0 s,0 s,0 s,0 s,0 s,0 s,0 s,32.3 ms,0 s,0 s,0 s,0 s,0 s,0 s,0 s,0 s,0 s,0 s,0 s,0 s,3.2 ms,0 s,0 s,0 s,47.0 ms,0 s,0 s,,,,0 s,0 s,0 s,0 s,1.7 s,0 s,0 s,36.6 ms,0 s,0 s,0 s,0 s,0 s,0 s,0 s,0 s,0 s,31.2 ms,0 s,0 s,0 s,0 s,0 s,0 s,14.9 ms,16.4 ms,0 s,0 s,0 s,0 s,0 s,0 s
2024-01-03 15:43:05,0 s,0 s,0 s,0 s,0 s,0 s,0 s,0 s,0 s,0 s,0 s,29.2 ms,0 s,0 s,0 s,0 s,0 s,0 s,0 s,0 s,0 s,0 s,0 s,0 s,3.2 ms,0 s,0 s,0 s,44.7 ms,0 s,0 s,,,,0 s,0 s,0 s,0 s,1.7 s,0 s,0 s,36.7 ms,0 s,0 s,0 s,0 s,0 s,0 s,0 s,1.5 ms,0 s,28.3 ms,0 s,0 s,0 s,0 s,0 s,0 s,19.2 ms,14.5 ms,0 s,0 s,0 s,0 s,0 s,0 s
2024-01-03 15:43:10,0 s,0 s,0 s,0 s,0 s,0 s,0 s,0 s,0 s,0 s,0 s,33.8 ms,0 s,0 s,0 s,0 s,0 s,0 s,0 s,0 s,0 s,0 s,0 s,0 s,3.1 ms,0 s,0 s,0 s,48.8 ms,0 s,0 s,,,,0 s,0 s,0 s,0 s,1.6 s,0 s,0 s,36.0 ms,0 s,0 s,0 s,0 s,0 s,0 s,0 s,1.5 ms,0 s,35.0 ms,0 s,0 s,0 s,0 s,0 s,0 s,19.1 ms,20.5 ms,0 s,0 s,0 s,0 s,0 s,0 s
2024-01-03 15:43:15,0 s,0 s,0 s,0 s,0 s,0 s,0 s,0 s,0 s,0 s,0 s,32.9 ms,0 s,0 s,0 s,0 s,0 s,0 s,0 s,0 s,0 s,0 s,0 s,0 s,3.2 ms,0 s,0 s,0 s,44.1 ms,0 s,0 s,,,,0 s,0 s,0 s,0 s,1.6 s,0 s,0 s,33.7 ms,0 s,0 s,0 s,0 s,0 s,0 s,0 s,1.4 ms,0 s,33.6 ms,0 s,0 s,0 s,0 s,0 s,0 s,21.8 ms,17.2 ms,0 s,0 s,0 s,0 s,0 s,0 s
2024-01-03 15:43:20,0 s,0 s,0 s,0 s,0 s,0 s,0 s,0 s,0 s,0 s,0 s,32.0 ms,0 s,0 s,0 s,0 s,0 s,0 s,0 s,0 s,0 s,0 s,0 s,0 s,3.2 ms,0 s,0 s,0 s,47.5 ms,0 s,0 s,,,,0 s,0 s,0 s,0 s,1.7 s,0 s,0 s,39.7 ms,0 s,0 s,0 s,0 s,0 s,0 s,0 s,1.5 ms,0 s,32.6 ms,0 s,0 s,0 s,0 s,0 s,0 s,33.0 ms,23.0 ms,0 s,0 s,0 s,0 s,0 s,0 s
2024-01-03 15:43:25,0 s,0 s,0 s,0 s,0 s,0 s,0 s,0 s,0 s,0 s,0 s,36.0 ms,0 s,0 s,0 s,0 s,0 s,0 s,0 s,0 s,0 s,0 s,0 s,0 s,3.1 ms,0 s,0 s,0 s,46.7 ms,0 s,0 s,343.0 ms,,,0 s,0 s,0 s,0 s,1.7 s,0 s,0 s,35.8 ms,0 s,0 s,0 s,0 s,0 s,0 s,0 s,1.5 ms,0 s,37.1 ms,0 s,0 s,0 s,0 s,0 s,0 s,33.5 ms,22.7 ms,0 s,0 s,0 s,0 s,0 s,0 s
2024-01-03 15:43:30,0 s,0 s,0 s,0 s,0 s,0 s,0 s,0 s,0 s,0 s,0 s,42.8 ms,0 s,0 s,0 s,0 s,0 s,0 s,0 s,0 s,0 s,0 s,0 s,0 s,3.2 ms,0 s,0 s,0 s,48.7 ms,0 s,0 s,616.7 ms,,,0 s,0 s,0 s,0 s,1.7 s,0 s,0 s,34.1 ms,0 s,0 s,0 s,0 s,0 s,0 s,0 s,1.5 ms,0 s,36.6 ms,0 s,0 s,0 s,0 s,0 s,0 s,34.2 ms,23.3 ms,0 s,0 s,0 s,0 s,0 s,0 s
2024-01-03 15:43:35,0 s,0 s,0 s,0 s,0 s,0 s,0 s,0 s,0 s,0 s,0 s,42.7 ms,0 s,0 s,0 s,0 s,0 s,0 s,0 s,0 s,0 s,0 s,0 s,0 s,3.2 ms,0 s,0 s,0 s,46.4 ms,0 s,0 s,864.5 ms,,,0 s,0 s,0 s,0 s,1.7 s,0 s,0 s,33.8 ms,0 s,0 s,0 s,0 s,0 s,0 s,0 s,1.5 ms,0 s,25.2 ms,0 s,0 s,0 s,0 s,0 s,0 s,34.4 ms,23.7 ms,0 s,0 s,0 s,0 s,0 s,0 s
2024-01-03 15:43:40,0 s,0 s,0 s,0 s,0 s,0 s,0 s,0 s,0 s,0 s,0 s,56.2 ms,0 s,0 s,0 s,0 s,0 s,0 s,0 s,0 s,0 s,0 s,0 s,0 s,3.2 ms,0 s,0 s,0 s,43.8 ms,0 s,0 s,1.1 s,,,0 s,0 s,0 s,0 s,1.7 s,0 s,0 s,35.8 ms,0 s,0 s,0 s,0 s,0 s,0 s,0 s,1.5 ms,0 s,25.5 ms,0 s,0 s,0 s,0 s,0 s,0 s,35.1 ms,25.6 ms,0 s,0 s,0 s,0 s,0 s,0 s
2024-01-03 15:43:45,0 s,0 s,0 s,0 s,0 s,0 s,0 s,0 s,0 s,0 s,0 s,40.9 ms,0 s,0 s,0 s,0 s,0 s,0 s,0 s,0 s,0 s,0 s,0 s,0 s,3.2 ms,0 s,0 s,0 s,28.2 ms,0 s,0 s,1.3 s,,,0 s,0 s,0 s,0 s,1.7 s,0 s,0 s,24.8 ms,0 s,0 s,0 s,0 s,0 s,0 s,0 s,1.5 ms,0 s,33.3 ms,0 s,0 s,0 s,0 s,0 s,0 s,29.6 ms,25.2 ms,0 s,0 s,0 s,0 s,0 s,0 s
2024-01-03 15:43:50,0 s,0 s,0 s,0 s,0 s,0 s,0 s,0 s,0 s,0 s,0 s,47.6 ms,0 s,0 s,0 s,0 s,0 s,0 s,0 s,0 s,0 s,0 s,0 s,0 s,3.2 ms,0 s,0 s,0 s,30.5 ms,0 s,0 s,1.6 s,,,0 s,0 s,0 s,0 s,1.6 s,0 s,0 s,29.0 ms,0 s,0 s,0 s,0 s,0 s,0 s,0 s,1.5 ms,0 s,48.2 ms,0 s,0 s,0 s,0 s,0 s,0 s,29.0 ms,27.2 ms,0 s,0 s,0 s,0 s,0 s,0 s
2024-01-03 15:43:55,0 s,0 s,0 s,0 s,0 s,0 s,0 s,0 s,0 s,0 s,0 s,43.0 ms,0 s,0 s,0 s,0 s,0 s,0 s,0 s,0 s,0 s,0 s,0 s,0 s,0 s,0 s,0 s,995.5 µs,30.5 ms,0 s,0 s,1.9 s,,,0 s,0 s,0 s,0 s,1.6 s,0 s,0 s,24.8 ms,0 s,0 s,0 s,0 s,0 s,0 s,0 s,1.5 ms,0 s,40.7 ms,0 s,0 s,0 s,0 s,0 s,0 s,29.0 ms,26.5 ms,0 s,0 s,0 s,0 s,0 s,0 s
2024-01-03 15:44:00,0 s,0 s,0 s,0 s,0 s,0 s,0 s,0 s,0 s,0 s,0 s,44.2 ms,0 s,0 s,0 s,0 s,0 s,0 s,0 s,0 s,0 s,0 s,0 s,0 s,0 s,0 s,0 s,972.5 µs,31.2 ms,0 s,0 s,2.2 s,,,0 s,0 s,0 s,0 s,1.6 s,0 s,0 s,28.0 ms,0 s,0 s,0 s,0 s,0 s,0 s,0 s,0 s,0 s,40.6 ms,0 s,0 s,0 s,0 s,0 s,0 s,26.8 ms,31.7 ms,0 s,0 s,0 s,0 s,0 s,0 s
2024-01-03 15:44:05,0 s,0 s,0 s,0 s,0 s,0 s,0 s,0 s,0 s,808.5 µs,0 s,41.1 ms,0 s,0 s,0 s,0 s,0 s,0 s,0 s,0 s,0 s,0 s,0 s,0 s,0 s,0 s,0 s,1.0 ms,25.2 ms,0 s,0 s,2.5 s,,,0 s,0 s,0 s,0 s,1.6 s,0 s,0 s,24.8 ms,0 s,0 s,0 s,0 s,0 s,0 s,0 s,0 s,0 s,60.7 ms,0 s,0 s,0 s,0 s,0 s,0 s,26.8 ms,20.9 ms,0 s,0 s,0 s,0 s,0 s,0 s
2024-01-03 15:44:10,0 s,0 s,0 s,0 s,0 s,0 s,0 s,0 s,0 s,788.0 µs,0 s,41.4 ms,0 s,0 s,0 s,0 s,0 s,0 s,0 s,0 s,0 s,0 s,0 s,0 s,0 s,0 s,0 s,996.9 µs,26.5 ms,0 s,0 s,2.7 s,,,0 s,0 s,0 s,0 s,1.6 s,0 s,0 s,26.0 ms,0 s,0 s,0 s,0 s,0 s,0 s,0 s,0 s,0 s,63.1 ms,0 s,0 s,0 s,0 s,0 s,0 s,23.3 ms,23.6 ms,0 s,0 s,0 s,0 s,0 s,0 s
2024-01-03 15:44:15,0 s,0 s,0 s,0 s,0 s,0 s,0 s,0 s,0 s,812.1 µs,0 s,40.7 ms,0 s,7.8 ms,0 s,0 s,0 s,0 s,0 s,0 s,0 s,0 s,0 s,0 s,0 s,0 s,0 s,1.0 ms,23.4 ms,0 s,0 s,3.0 s,,,0 s,0 s,0 s,0 s,1.5 s,0 s,0 s,19.9 ms,0 s,0 s,0 s,0 s,0 s,0 s,0 s,0 s,0 s,63.8 ms,0 s,0 s,0 s,0 s,0 s,0 s,17.3 ms,19.9 ms,0 s,0 s,0 s,0 s,0 s,0 s
2024-01-03 15:44:20,0 s,0 s,0 s,0 s,0 s,0 s,0 s,0 s,0 s,799.7 µs,0 s,37.2 ms,0 s,7.9 ms,0 s,0 s,0 s,0 s,0 s,0 s,0 s,0 s,0 s,0 s,0 s,0 s,0 s,975.0 µs,32.3 ms,0 s,0 s,3.3 s,,,0 s,0 s,0 s,0 s,1.5 s,0 s,0 s,20.2 ms,0 s,0 s,0 s,0 s,0 s,0 s,0 s,0 s,0 s,60.1 ms,0 s,0 s,0 s,0 s,0 s,0 s,17.5 ms,20.1 ms,0 s,0 s,0 s,0 s,0 s,0 s
2024-01-03 15:44:25,0 s,0 s,0 s,0 s,0 s,0 s,0 s,0 s,0 s,801.5 µs,0 s,29.7 ms,0 s,8.1 ms,0 s,0 s,0 s,0 s,0 s,0 s,0 s,0 s,0 s,0 s,0 s,0 s,0 s,998.9 µs,27.6 ms,0 s,0 s,3.4 s,,,0 s,0 s,0 s,0 s,1.5 s,0 s,0 s,20.7 ms,0 s,0 s,0 s,0 s,0 s,0 s,0 s,0 s,0 s,68.0 ms,0 s,0 s,0 s,0 s,0 s,0 s,16.2 ms,19.6 ms,0 s,0 s,0 s,0 s,0 s,0 s
2024-01-03 15:44:30,0 s,0 s,0 s,0 s,0 s,0 s,0 s,0 s,0 s,816.2 µs,0 s,29.2 ms,0 s,8.1 ms,0 s,0 s,0 s,0 s,0 s,0 s,0 s,0 s,0 s,0 s,0 s,0 s,0 s,980.0 µs,30.9 ms,0 s,0 s,3.4 s,,,0 s,0 s,0 s,0 s,1.5 s,0 s,0 s,20.9 ms,0 s,0 s,0 s,0 s,0 s,0 s,0 s,0 s,0 s,66.9 ms,0 s,0 s,0 s,0 s,0 s,0 s,20.0 ms,18.1 ms,0 s,0 s,0 s,0 s,0 s,0 s
2024-01-03 15:44:35,0 s,0 s,0 s,0 s,0 s,0 s,0 s,0 s,0 s,792.8 µs,0 s,21.6 ms,0 s,7.9 ms,0 s,0 s,0 s,0 s,0 s,0 s,0 s,0 s,0 s,0 s,0 s,0 s,0 s,1.0 ms,31.3 ms,0 s,0 s,3.4 s,,,0 s,0 s,0 s,0 s,1.5 s,0 s,0 s,16.3 ms,0 s,0 s,0 s,0 s,0 s,0 s,0 s,0 s,0 s,66.4 ms,0 s,0 s,0 s,0 s,0 s,0 s,19.5 ms,16.0 ms,0 s,0 s,0 s,0 s,0 s,0 s
2024-01-03 15:44:40,0 s,0 s,0 s,0 s,0 s,0 s,0 s,0 s,0 s,792.2 µs,0 s,27.6 ms,0 s,7.9 ms,0 s,0 s,0 s,0 s,0 s,0 s,0 s,0 s,0 s,0 s,0 s,0 s,0 s,980.3 µs,29.6 ms,0 s,0 s,3.4 s,,,0 s,0 s,0 s,0 s,1.5 s,0 s,0 s,21.6 ms,0 s,0 s,0 s,0 s,0 s,0 s,0 s,0 s,0 s,59.7 ms,0 s,0 s,0 s,0 s,0 s,0 s,19.8 ms,18.5 ms,0 s,0 s,0 s,0 s,0 s,0 s
2024-01-03 15:44:45,0 s,0 s,0 s,0 s,0 s,0 s,0 s,0 s,0 s,806.6 µs,0 s,20.1 ms,0 s,7.8 ms,0 s,0 s,0 s,0 s,0 s,0 s,0 s,0 s,0 s,0 s,0 s,0 s,0 s,1.0 ms,27.1 ms,0 s,0 s,3.5 s,,,0 s,0 s,0 s,0 s,1.5 s,0 s,0 s,17.2 ms,0 s,0 s,0 s,0 s,0 s,0 s,0 s,0 s,0 s,47.7 ms,0 s,0 s,0 s,0 s,0 s,0 s,21.2 ms,16.2 ms,0 s,0 s,0 s,0 s,0 s,0 s
2024-01-03 15:44:50,0 s,0 s,0 s,0 s,0 s,0 s,0 s,0 s,0 s,816.4 µs,0 s,25.0 ms,0 s,7.8 ms,0 s,0 s,0 s,0 s,0 s,0 s,0 s,0 s,0 s,0 s,0 s,0 s,0 s,0 s,20.6 ms,0 s,0 s,3.5 s,,,0 s,0 s,0 s,0 s,1.5 s,0 s,0 s,19.8 ms,0 s,0 s,0 s,0 s,0 s,0 s,0 s,0 s,0 s,47.6 ms,0 s,0 s,0 s,0 s,0 s,0 s,21.5 ms,18.3 ms,0 s,0 s,0 s,0 s,0 s,0 s
2024-01-03 15:44:55,0 s,0 s,0 s,0 s,0 s,0 s,0 s,0 s,0 s,787.6 µs,0 s,23.2 ms,0 s,7.8 ms,0 s,0 s,0 s,0 s,0 s,0 s,0 s,0 s,0 s,0 s,0 s,0 s,0 s,0 s,24.9 ms,0 s,0 s,3.2 s,,,0 s,0 s,0 s,0 s,1.5 s,0 s,0 s,16.2 ms,0 s,0 s,0 s,0 s,0 s,0 s,0 s,0 s,0 s,55.3 ms,0 s,0 s,0 s,0 s,0 s,0 s,26.0 ms,13.5 ms,0 s,0 s,0 s,0 s,0 s,0 s
2024-01-03 15:45:00,0 s,0 s,0 s,0 s,0 s,0 s,0 s,0 s,0 s,0 s,0 s,22.7 ms,0 s,8.0 ms,0 s,0 s,0 s,0 s,0 s,0 s,0 s,0 s,0 s,0 s,0 s,0 s,0 s,0 s,24.3 ms,0 s,0 s,2.9 s,,,0 s,0 s,0 s,0 s,1.6 s,0 s,0 s,16.5 ms,0 s,0 s,0 s,0 s,0 s,0 s,0 s,0 s,0 s,32.8 ms,0 s,0 s,0 s,0 s,0 s,0 s,46.7 ms,16.2 ms,0 s,0 s,0 s,0 s,0 s,0 s
2024-01-03 15:45:05,0 s,0 s,0 s,0 s,0 s,0 s,0 s,0 s,0 s,0 s,0 s,25.4 ms,0 s,8.0 ms,0 s,0 s,0 s,0 s,0 s,0 s,0 s,0 s,0 s,0 s,0 s,0 s,0 s,0 s,23.4 ms,0 s,0 s,2.8 s,,,0 s,0 s,0 s,0 s,1.6 s,0 s,0 s,20.5 ms,0 s,0 s,0 s,0 s,0 s,0 s,0 s,0 s,0 s,28.4 ms,0 s,0 s,0 s,0 s,0 s,0 s,46.8 ms,13.6 ms,0 s,0 s,0 s,0 s,0 s,0 s
2024-01-03 15:45:10,0 s,0 s,0 s,0 s,0 s,0 s,0 s,0 s,0 s,0 s,0 s,24.1 ms,0 s,0 s,0 s,0 s,0 s,0 s,0 s,0 s,0 s,0 s,0 s,0 s,0 s,0 s,0 s,0 s,46.8 ms,0 s,0 s,2.4 s,,,0 s,0 s,0 s,0 s,1.6 s,0 s,0 s,26.3 ms,0 s,0 s,0 s,0 s,0 s,0 s,0 s,0 s,0 s,29.1 ms,0 s,0 s,0 s,0 s,0 s,0 s,41.3 ms,17.4 ms,0 s,0 s,0 s,0 s,0 s,0 s
2024-01-03 15:45:15,0 s,0 s,0 s,0 s,0 s,0 s,0 s,0 s,0 s,0 s,0 s,28.9 ms,0 s,0 s,0 s,0 s,0 s,0 s,0 s,0 s,0 s,0 s,0 s,0 s,0 s,0 s,0 s,0 s,38.3 ms,0 s,0 s,2.0 s,,,0 s,0 s,0 s,0 s,1.5 s,0 s,0 s,26.3 ms,0 s,0 s,0 s,0 s,0 s,0 s,0 s,0 s,0 s,31.7 ms,0 s,0 s,0 s,0 s,0 s,0 s,45.6 ms,18.1 ms,0 s,0 s,0 s,0 s,0 s,0 s
2024-01-03 15:45:20,0 s,0 s,0 s,0 s,0 s,0 s,0 s,0 s,0 s,0 s,0 s,29.2 ms,0 s,0 s,0 s,0 s,0 s,0 s,0 s,0 s,0 s,0 s,0 s,0 s,0 s,0 s,0 s,0 s,38.7 ms,0 s,0 s,1.6 s,,,0 s,0 s,0 s,0 s,1.6 s,0 s,0 s,36.5 ms,0 s,0 s,0 s,0 s,0 s,0 s,0 s,0 s,0 s,23.9 ms,0 s,0 s,0 s,0 s,0 s,0 s,43.1 ms,20.3 ms,0 s,0 s,0 s,0 s,0 s,0 s
2024-01-03 15:45:25,0 s,0 s,0 s,0 s,0 s,0 s,0 s,0 s,0 s,0 s,0 s,29.5 ms,0 s,0 s,0 s,0 s,0 s,0 s,0 s,0 s,0 s,0 s,0 s,0 s,0 s,0 s,0 s,0 s,33.6 ms,0 s,0 s,1.5 s,,,0 s,0 s,0 s,0 s,1.6 s,0 s,0 s,36.0 ms,0 s,0 s,0 s,0 s,0 s,0 s,0 s,0 s,0 s,69.5 ms,0 s,0 s,0 s,0 s,0 s,0 s,52.2 ms,19.0 ms,0 s,0 s,0 s,0 s,0 s,0 s
2024-01-03 15:45:30,0 s,0 s,0 s,0 s,0 s,0 s,0 s,0 s,0 s,0 s,0 s,24.8 ms,0 s,0 s,0 s,0 s,0 s,0 s,0 s,0 s,0 s,0 s,0 s,0 s,0 s,0 s,0 s,0 s,33.8 ms,0 s,0 s,1.2 s,,,0 s,0 s,0 s,0 s,1.6 s,0 s,0 s,34.5 ms,0 s,0 s,0 s,0 s,0 s,0 s,0 s,0 s,0 s,72.6 ms,0 s,0 s,0 s,0 s,0 s,0 s,52.6 ms,21.8 ms,0 s,0 s,0 s,0 s,0 s,0 s
2024-01-03 15:45:35,0 s,0 s,0 s,0 s,0 s,0 s,0 s,0 s,0 s,0 s,0 s,19.0 ms,0 s,0 s,0 s,0 s,0 s,0 s,0 s,0 s,0 s,0 s,0 s,0 s,0 s,0 s,0 s,0 s,40.9 ms,0 s,0 s,934.3 ms,,,0 s,0 s,0 s,0 s,1.6 s,0 s,0 s,28.7 ms,0 s,0 s,0 s,0 s,0 s,0 s,0 s,0 s,0 s,70.4 ms,0 s,0 s,0 s,0 s,0 s,0 s,62.0 ms,19.5 ms,0 s,0 s,0 s,0 s,0 s,0 s
2024-01-03 15:45:40,0 s,0 s,0 s,0 s,0 s,0 s,0 s,0 s,0 s,0 s,0 s,20.3 ms,0 s,0 s,0 s,0 s,0 s,0 s,0 s,0 s,0 s,0 s,0 s,0 s,0 s,0 s,0 s,0 s,39.6 ms,0 s,0 s,646.4 ms,,,0 s,0 s,0 s,0 s,1.7 s,0 s,0 s,29.3 ms,0 s,0 s,0 s,0 s,0 s,0 s,0 s,0 s,0 s,65.2 ms,0 s,0 s,0 s,0 s,0 s,0 s,62.8 ms,24.6 ms,0 s,0 s,0 s,0 s,0 s,0 s
2024-01-03 15:45:45,0 s,0 s,0 s,0 s,0 s,0 s,0 s,0 s,0 s,0 s,0 s,31.3 ms,0 s,0 s,0 s,0 s,0 s,0 s,0 s,0 s,0 s,0 s,0 s,0 s,0 s,0 s,0 s,0 s,39.9 ms,0 s,0 s,,,,0 s,0 s,0 s,0 s,1.7 s,0 s,0 s,29.2 ms,0 s,0 s,0 s,0 s,0 s,0 s,0 s,0 s,0 s,72.8 ms,0 s,0 s,0 s,0 s,0 s,0 s,61.7 ms,24.3 ms,0 s,0 s,0 s,0 s,0 s,0 s
2024-01-03 15:45:50,0 s,0 s,0 s,0 s,0 s,0 s,0 s,0 s,0 s,0 s,0 s,32.8 ms,0 s,0 s,0 s,0 s,0 s,0 s,0 s,0 s,0 s,0 s,0 s,0 s,0 s,0 s,0 s,0 s,35.1 ms,0 s,0 s,,,,0 s,0 s,0 s,0 s,1.7 s,0 s,0 s,36.0 ms,0 s,0 s,0 s,0 s,0 s,0 s,0 s,0 s,0 s,65.0 ms,0 s,0 s,0 s,0 s,0 s,0 s,67.5 ms,24.5 ms,0 s,0 s,0 s,0 s,0 s,0 s
2024-01-03 15:45:55,0 s,0 s,0 s,0 s,0 s,0 s,0 s,0 s,0 s,0 s,0 s,32.0 ms,0 s,0 s,0 s,0 s,0 s,0 s,0 s,0 s,0 s,0 s,0 s,0 s,0 s,0 s,0 s,0 s,38.0 ms,0 s,0 s,,,,0 s,0 s,0 s,0 s,1.7 s,0 s,0 s,35.7 ms,0 s,0 s,0 s,0 s,0 s,0 s,0 s,0 s,0 s,62.6 ms,0 s,0 s,0 s,0 s,0 s,0 s,46.6 ms,20.2 ms,0 s,0 s,0 s,0 s,0 s,0 s
2024-01-03 15:46:00,0 s,0 s,0 s,0 s,0 s,0 s,0 s,0 s,0 s,0 s,0 s,29.8 ms,0 s,0 s,0 s,0 s,0 s,0 s,0 s,0 s,0 s,0 s,0 s,0 s,0 s,0 s,0 s,0 s,41.7 ms,0 s,0 s,,,,0 s,0 s,0 s,0 s,1.7 s,0 s,0 s,33.7 ms,0 s,0 s,0 s,0 s,0 s,0 s,0 s,0 s,0 s,69.2 ms,0 s,0 s,0 s,0 s,0 s,0 s,47.3 ms,22.7 ms,0 s,0 s,0 s,0 s,0 s,0 s
2024-01-03 15:46:05,0 s,0 s,0 s,0 s,0 s,0 s,0 s,0 s,0 s,0 s,0 s,32.1 ms,0 s,0 s,0 s,0 s,0 s,0 s,0 s,0 s,0 s,0 s,0 s,0 s,0 s,0 s,0 s,0 s,18.2 ms,0 s,0 s,,,,0 s,0 s,0 s,0 s,1.6 s,0 s,0 s,27.6 ms,0 s,0 s,0 s,0 s,0 s,0 s,0 s,0 s,0 s,67.8 ms,0 s,0 s,0 s,0 s,0 s,0 s,47.4 ms,16.5 ms,0 s,0 s,0 s,0 s,0 s,0 s
2024-01-03 15:46:10,0 s,0 s,0 s,0 s,0 s,0 s,0 s,0 s,0 s,0 s,0 s,27.8 ms,0 s,0 s,0 s,0 s,0 s,0 s,0 s,0 s,0 s,0 s,0 s,0 s,0 s,0 s,0 s,0 s,28.1 ms,0 s,0 s,,,,0 s,0 s,0 s,0 s,1.6 s,0 s,0 s,39.8 ms,0 s,0 s,0 s,0 s,0 s,0 s,0 s,0 s,0 s,71.8 ms,0 s,0 s,0 s,0 s,0 s,0 s,46.5 ms,20.1 ms,0 s,0 s,0 s,0 s,0 s,0 s
2024-01-03 15:46:15,0 s,0 s,0 s,0 s,0 s,0 s,0 s,0 s,0 s,0 s,0 s,27.6 ms,0 s,0 s,0 s,0 s,0 s,0 s,0 s,0 s,0 s,0 s,0 s,0 s,0 s,0 s,0 s,0 s,27.4 ms,0 s,0 s,,,,0 s,0 s,0 s,0 s,1.7 s,0 s,0 s,29.7 ms,0 s,0 s,0 s,0 s,0 s,0 s,0 s,0 s,0 s,71.5 ms,0 s,0 s,0 s,0 s,0 s,0 s,46.4 ms,19.2 ms,0 s,0 s,0 s,0 s,0 s,0 s
2024-01-03 15:46:20,0 s,0 s,0 s,0 s,0 s,0 s,0 s,0 s,0 s,0 s,0 s,27.5 ms,0 s,0 s,0 s,0 s,0 s,0 s,0 s,0 s,0 s,0 s,0 s,0 s,0 s,0 s,0 s,0 s,29.7 ms,0 s,0 s,,,,0 s,0 s,0 s,0 s,1.7 s,0 s,0 s,31.8 ms,0 s,0 s,0 s,0 s,0 s,0 s,0 s,0 s,0 s,29.9 ms,0 s,0 s,0 s,0 s,0 s,0 s,32.3 ms,19.4 ms,0 s,0 s,0 s,0 s,0 s,0 s
2024-01-03 15:46:25,0 s,0 s,0 s,0 s,0 s,0 s,0 s,0 s,0 s,0 s,0 s,35.3 ms,0 s,0 s,0 s,0 s,0 s,0 s,0 s,0 s,0 s,0 s,0 s,0 s,0 s,0 s,0 s,0 s,50.4 ms,0 s,0 s,,,,0 s,0 s,0 s,0 s,1.6 s,0 s,0 s,28.0 ms,0 s,0 s,0 s,0 s,0 s,0 s,0 s,0 s,0 s,27.4 ms,0 s,0 s,0 s,0 s,0 s,0 s,33.4 ms,19.6 ms,0 s,0 s,0 s,0 s,0 s,0 s
2024-01-03 15:46:30,0 s,0 s,0 s,0 s,0 s,0 s,0 s,0 s,0 s,0 s,0 s,40.5 ms,0 s,0 s,0 s,0 s,0 s,0 s,0 s,0 s,0 s,0 s,0 s,0 s,0 s,0 s,0 s,0 s,44.6 ms,0 s,0 s,,,,0 s,0 s,0 s,0 s,1.6 s,0 s,0 s,29.4 ms,0 s,0 s,0 s,0 s,0 s,0 s,0 s,0 s,0 s,27.7 ms,0 s,0 s,0 s,0 s,0 s,0 s,22.2 ms,23.8 ms,0 s,0 s,0 s,0 s,0 s,0 s
2024-01-03 15:46:35,0 s,0 s,0 s,0 s,0 s,0 s,0 s,0 s,0 s,0 s,0 s,39.0 ms,0 s,0 s,0 s,0 s,0 s,0 s,0 s,0 s,0 s,0 s,0 s,0 s,0 s,0 s,0 s,0 s,45.4 ms,0 s,0 s,,,,0 s,0 s,0 s,0 s,1.6 s,0 s,0 s,29.5 ms,0 s,0 s,0 s,0 s,0 s,0 s,0 s,0 s,0 s,29.2 ms,0 s,0 s,0 s,0 s,0 s,0 s,29.0 ms,18.0 ms,0 s,0 s,0 s,0 s,0 s,0 s
2024-01-03 15:46:40,0 s,0 s,0 s,0 s,0 s,0 s,0 s,0 s,0 s,0 s,0 s,23.7 ms,0 s,0 s,0 s,0 s,0 s,0 s,0 s,0 s,0 s,0 s,0 s,0 s,0 s,0 s,0 s,0 s,44.3 ms,0 s,0 s,,,,0 s,0 s,0 s,0 s,1.6 s,0 s,0 s,29.9 ms,0 s,0 s,0 s,0 s,0 s,0 s,0 s,0 s,0 s,22.1 ms,0 s,0 s,0 s,0 s,0 s,0 s,29.7 ms,16.5 ms,0 s,0 s,0 s,0 s,0 s,0 s
2024-01-03 15:46:45,0 s,0 s,0 s,0 s,0 s,0 s,0 s,0 s,0 s,0 s,0 s,22.0 ms,0 s,0 s,0 s,0 s,0 s,0 s,0 s,0 s,0 s,0 s,0 s,0 s,0 s,0 s,0 s,0 s,45.3 ms,0 s,0 s,,,,0 s,0 s,0 s,0 s,1.5 s,0 s,0 s,24.0 ms,0 s,0 s,0 s,0 s,0 s,0 s,0 s,0 s,0 s,24.7 ms,0 s,0 s,0 s,0 s,0 s,0 s,17.5 ms,20.3 ms,0 s,0 s,0 s,0 s,0 s,0 s
2024-01-03 15:46:50,0 s,0 s,0 s,0 s,0 s,0 s,0 s,0 s,0 s,0 s,0 s,25.0 ms,0 s,0 s,0 s,0 s,0 s,0 s,0 s,0 s,0 s,0 s,0 s,0 s,0 s,0 s,0 s,0 s,46.2 ms,0 s,0 s,,,,0 s,0 s,0 s,0 s,1.6 s,0 s,0 s,26.0 ms,0 s,0 s,0 s,0 s,0 s,0 s,0 s,0 s,0 s,27.0 ms,0 s,0 s,0 s,0 s,0 s,0 s,20.0 ms,20.6 ms,0 s,0 s,0 s,0 s,0 s,0 s
2024-01-03 15:46:55,0 s,0 s,0 s,0 s,0 s,0 s,0 s,0 s,0 s,0 s,0 s,24.6 ms,0 s,0 s,0 s,0 s,0 s,0 s,0 s,0 s,0 s,0 s,0 s,0 s,0 s,0 s,0 s,0 s,42.6 ms,0 s,0 s,,,,0 s,0 s,0 s,0 s,1.6 s,0 s,0 s,23.3 ms,0 s,0 s,0 s,0 s,0 s,0 s,0 s,0 s,0 s,22.1 ms,0 s,0 s,0 s,0 s,0 s,0 s,18.6 ms,18.2 ms,0 s,0 s,0 s,0 s,0 s,0 s
2024-01-03 15:47:00,0 s,0 s,0 s,0 s,0 s,0 s,0 s,0 s,0 s,0 s,0 s,20.3 ms,229.4 µs,0 s,0 s,0 s,0 s,0 s,0 s,0 s,0 s,0 s,0 s,0 s,0 s,0 s,0 s,0 s,42.9 ms,0 s,0 s,,,,0 s,0 s,0 s,0 s,1.6 s,0 s,0 s,25.8 ms,0 s,0 s,0 s,0 s,0 s,0 s,0 s,0 s,0 s,22.3 ms,0 s,0 s,0 s,0 s,0 s,0 s,22.3 ms,18.7 ms,0 s,0 s,0 s,0 s,0 s,0 s
2024-01-03 15:47:05,0 s,0 s,0 s,0 s,0 s,0 s,0 s,0 s,0 s,0 s,0 s,18.5 ms,235.6 µs,0 s,0 s,0 s,0 s,0 s,0 s,0 s,0 s,0 s,0 s,0 s,0 s,0 s,0 s,0 s,50.8 ms,0 s,0 s,,,,0 s,0 s,0 s,0 s,1.6 s,0 s,0 s,13.4 ms,0 s,0 s,0 s,0 s,0 s,0 s,0 s,0 s,0 s,16.1 ms,0 s,0 s,0 s,0 s,0 s,0 s,18.3 ms,14.3 ms,0 s,0 s,0 s,0 s,0 s,0 s
2024-01-03 15:47:10,0 s,0 s,0 s,0 s,0 s,0 s,0 s,0 s,0 s,0 s,0 s,19.3 ms,232.6 µs,0 s,0 s,0 s,0 s,0 s,0 s,0 s,0 s,0 s,0 s,0 s,0 s,0 s,0 s,0 s,52.7 ms,0 s,0 s,,,,0 s,0 s,0 s,0 s,1.5 s,0 s,0 s,17.1 ms,0 s,0 s,0 s,0 s,0 s,0 s,0 s,0 s,0 s,16.4 ms,0 s,0 s,0 s,0 s,0 s,0 s,18.9 ms,17.9 ms,0 s,0 s,0 s,0 s,0 s,0 s
2024-01-03 15:47:15,0 s,0 s,0 s,0 s,0 s,0 s,0 s,0 s,0 s,0 s,0 s,19.3 ms,230.5 µs,0 s,0 s,0 s,0 s,0 s,0 s,0 s,0 s,0 s,0 s,0 s,0 s,0 s,0 s,0 s,50.2 ms,0 s,0 s,,,,0 s,0 s,0 s,0 s,1.5 s,0 s,0 s,14.9 ms,0 s,0 s,0 s,0 s,0 s,0 s,0 s,0 s,0 s,17.1 ms,0 s,0 s,0 s,0 s,0 s,0 s,19.2 ms,18.6 ms,0 s,0 s,0 s,0 s,0 s,0 s
2024-01-03 15:47:20,0 s,0 s,0 s,0 s,0 s,0 s,0 s,0 s,0 s,0 s,0 s,21.4 ms,232.8 µs,0 s,0 s,0 s,0 s,0 s,0 s,0 s,0 s,0 s,0 s,0 s,0 s,0 s,0 s,0 s,29.8 ms,0 s,0 s,,,,0 s,0 s,0 s,0 s,1.6 s,0 s,0 s,15.2 ms,0 s,0 s,0 s,0 s,0 s,0 s,0 s,0 s,0 s,25.5 ms,0 s,0 s,0 s,0 s,0 s,0 s,20.4 ms,16.1 ms,0 s,0 s,0 s,0 s,0 s,0 s
2024-01-03 15:47:25,0 s,0 s,0 s,0 s,0 s,0 s,0 s,0 s,0 s,0 s,0 s,16.1 ms,234.1 µs,0 s,0 s,0 s,0 s,0 s,0 s,0 s,0 s,0 s,0 s,0 s,46.7 µs,0 s,0 s,0 s,34.3 ms,0 s,0 s,,,,0 s,0 s,0 s,0 s,1.5 s,0 s,0 s,20.2 ms,0 s,0 s,0 s,0 s,0 s,0 s,0 s,0 s,0 s,25.7 ms,0 s,0 s,0 s,0 s,0 s,0 s,20.1 ms,12.0 ms,0 s,0 s,0 s,0 s,0 s,0 s
2024-01-03 15:47:30,0 s,0 s,0 s,0 s,0 s,0 s,0 s,0 s,0 s,0 s,0 s,24.4 ms,231.9 µs,0 s,0 s,0 s,0 s,0 s,0 s,0 s,0 s,0 s,0 s,0 s,48.3 µs,0 s,0 s,0 s,34.6 ms,0 s,0 s,,,,0 s,0 s,0 s,0 s,1.6 s,0 s,0 s,19.8 ms,0 s,0 s,0 s,0 s,0 s,0 s,0 s,0 s,0 s,28.9 ms,0 s,0 s,0 s,0 s,0 s,0 s,14.0 ms,19.1 ms,0 s,0 s,0 s,0 s,0 s,0 s
2024-01-03 15:47:35,0 s,0 s,0 s,0 s,0 s,0 s,0 s,0 s,0 s,0 s,0 s,24.3 ms,235.0 µs,0 s,0 s,0 s,0 s,0 s,0 s,0 s,0 s,0 s,0 s,0 s,46.9 µs,0 s,0 s,0 s,34.2 ms,0 s,0 s,,,,0 s,0 s,0 s,0 s,1.6 s,0 s,0 s,21.9 ms,0 s,0 s,0 s,0 s,0 s,0 s,0 s,0 s,0 s,29.2 ms,0 s,0 s,0 s,0 s,0 s,0 s,13.2 ms,18.7 ms,0 s,0 s,0 s,0 s,0 s,0 s
2024-01-03 15:47:40,0 s,0 s,0 s,0 s,0 s,0 s,0 s,0 s,0 s,0 s,0 s,24.6 ms,233.7 µs,0 s,0 s,0 s,0 s,0 s,0 s,0 s,0 s,0 s,0 s,0 s,47.7 µs,0 s,0 s,0 s,40.5 ms,0 s,0 s,,,,0 s,0 s,0 s,0 s,1.6 s,0 s,0 s,27.0 ms,0 s,0 s,0 s,0 s,0 s,0 s,0 s,0 s,0 s,26.3 ms,0 s,0 s,0 s,0 s,0 s,0 s,14.2 ms,25.1 ms,0 s,0 s,0 s,0 s,0 s,0 s
2024-01-03 15:47:45,0 s,0 s,0 s,0 s,0 s,0 s,0 s,0 s,0 s,0 s,0 s,22.3 ms,237.2 µs,0 s,0 s,0 s,0 s,0 s,0 s,87.7 µs,0 s,0 s,0 s,0 s,49.4 µs,0 s,0 s,0 s,37.2 ms,0 s,0 s,,,,0 s,0 s,0 s,0 s,1.5 s,0 s,0 s,25.0 ms,0 s,0 s,0 s,0 s,0 s,0 s,0 s,0 s,0 s,22.9 ms,0 s,0 s,0 s,0 s,0 s,0 s,11.5 ms,25.0 ms,0 s,0 s,0 s,0 s,0 s,0 s
2024-01-03 15:47:50,0 s,0 s,0 s,0 s,0 s,0 s,0 s,0 s,0 s,0 s,0 s,26.8 ms,236.6 µs,0 s,0 s,0 s,0 s,0 s,0 s,86.9 µs,0 s,0 s,0 s,0 s,47.6 µs,0 s,0 s,0 s,37.4 ms,0 s,0 s,,,,0 s,0 s,0 s,0 s,1.5 s,0 s,0 s,26.2 ms,0 s,0 s,0 s,0 s,0 s,0 s,0 s,0 s,0 s,21.4 ms,0 s,0 s,0 s,0 s,0 s,0 s,14.5 ms,31.9 ms,0 s,0 s,0 s,0 s,0 s,0 s
2024-01-03 15:47:55,0 s,0 s,0 s,0 s,0 s,0 s,0 s,0 s,0 s,0 s,0 s,27.0 ms,0 s,0 s,0 s,0 s,0 s,0 s,0 s,86.5 µs,0 s,0 s,0 s,0 s,47.9 µs,0 s,0 s,0 s,41.0 ms,0 s,0 s,,,,0 s,0 s,0 s,0 s,1.5 s,0 s,0 s,24.5 ms,0 s,0 s,0 s,0 s,0 s,0 s,0 s,0 s,0 s,23.3 ms,0 s,0 s,0 s,0 s,2.7 ms,0 s,10.6 ms,31.2 ms,0 s,0 s,0 s,0 s,0 s,0 s
2024-01-03 15:48:00,0 s,0 s,0 s,0 s,0 s,0 s,0 s,0 s,0 s,0 s,0 s,33.5 ms,0 s,0 s,0 s,0 s,0 s,0 s,0 s,87.0 µs,0 s,0 s,0 s,0 s,48.2 µs,0 s,0 s,0 s,22.9 ms,0 s,0 s,,,,0 s,0 s,0 s,0 s,1.5 s,0 s,0 s,24.3 ms,0 s,0 s,0 s,0 s,0 s,0 s,0 s,0 s,0 s,28.6 ms,0 s,0 s,0 s,0 s,2.8 ms,0 s,10.7 ms,36.9 ms,0 s,0 s,0 s,0 s,0 s,0 s
2024-01-03 15:48:05,0 s,0 s,0 s,0 s,0 s,0 s,0 s,0 s,0 s,0 s,0 s,34.3 ms,0 s,0 s,0 s,0 s,0 s,0 s,0 s,85.2 µs,0 s,0 s,0 s,0 s,48.1 µs,0 s,0 s,0 s,27.4 ms,0 s,0 s,,,,0 s,0 s,0 s,0 s,1.6 s,0 s,0 s,23.0 ms,0 s,0 s,0 s,0 s,0 s,0 s,0 s,0 s,0 s,28.4 ms,0 s,0 s,0 s,0 s,2.8 ms,0 s,14.4 ms,31.8 ms,0 s,0 s,0 s,0 s,0 s,0 s
2024-01-03 15:48:10,0 s,0 s,0 s,0 s,0 s,0 s,0 s,0 s,0 s,0 s,0 s,41.7 ms,0 s,0 s,0 s,0 s,0 s,0 s,0 s,86.9 µs,0 s,0 s,0 s,0 s,46.8 µs,0 s,0 s,0 s,30.1 ms,0 s,0 s,,,,0 s,0 s,0 s,0 s,1.5 s,0 s,0 s,37.3 ms,0 s,0 s,0 s,0 s,0 s,0 s,0 s,0 s,0 s,28.4 ms,0 s,0 s,0 s,0 s,2.7 ms,0 s,18.2 ms,34.3 ms,0 s,0 s,0 s,0 s,0 s,0 s
2024-01-03 15:48:15,0 s,0 s,0 s,0 s,0 s,0 s,0 s,0 s,0 s,0 s,0 s,30.9 ms,0 s,0 s,0 s,0 s,0 s,0 s,0 s,85.9 µs,0 s,0 s,0 s,0 s,49.1 µs,0 s,0 s,0 s,29.7 ms,0 s,0 s,,,,0 s,0 s,0 s,0 s,1.5 s,0 s,0 s,36.8 ms,0 s,0 s,0 s,0 s,0 s,0 s,0 s,0 s,0 s,20.2 ms,0 s,0 s,0 s,0 s,2.8 ms,0 s,15.5 ms,33.9 ms,0 s,0 s,0 s,0 s,0 s,0 s
2024-01-03 15:48:20,0 s,0 s,0 s,0 s,0 s,0 s,0 s,0 s,0 s,0 s,0 s,35.5 ms,0 s,0 s,0 s,0 s,0 s,0 s,0 s,85.5 µs,0 s,0 s,0 s,0 s,0 s,0 s,0 s,0 s,28.3 ms,0 s,0 s,,,,0 s,0 s,0 s,0 s,1.6 s,0 s,0 s,36.1 ms,0 s,0 s,0 s,0 s,0 s,0 s,0 s,0 s,0 s,28.0 ms,0 s,0 s,0 s,0 s,2.8 ms,0 s,20.5 ms,38.3 ms,0 s,0 s,0 s,0 s,0 s,0 s
2024-01-03 15:48:25,0 s,0 s,0 s,0 s,0 s,0 s,0 s,0 s,0 s,0 s,0 s,26.8 ms,0 s,0 s,0 s,0 s,0 s,0 s,0 s,85.8 µs,0 s,0 s,0 s,0 s,0 s,0 s,0 s,0 s,27.6 ms,0 s,0 s,,,,0 s,0 s,0 s,0 s,1.5 s,0 s,0 s,35.5 ms,0 s,0 s,0 s,0 s,0 s,0 s,0 s,0 s,0 s,22.1 ms,0 s,0 s,0 s,0 s,2.7 ms,0 s,18.5 ms,31.2 ms,0 s,0 s,0 s,0 s,0 s,0 s
2024-01-03 15:48:30,0 s,0 s,0 s,0 s,0 s,0 s,0 s,0 s,0 s,0 s,0 s,29.0 ms,0 s,0 s,0 s,0 s,0 s,0 s,0 s,84.7 µs,0 s,0 s,0 s,0 s,0 s,0 s,0 s,0 s,29.4 ms,0 s,0 s,,,,0 s,0 s,0 s,0 s,1.5 s,0 s,0 s,35.9 ms,0 s,0 s,0 s,0 s,0 s,0 s,0 s,0 s,0 s,26.7 ms,0 s,0 s,0 s,0 s,2.8 ms,0 s,24.0 ms,31.8 ms,0 s,0 s,0 s,0 s,0 s,0 s
2024-01-03 15:48:35,0 s,0 s,0 s,0 s,0 s,0 s,0 s,0 s,0 s,0 s,0 s,29.7 ms,0 s,0 s,0 s,0 s,0 s,0 s,0 s,85.2 µs,0 s,0 s,0 s,0 s,0 s,0 s,0 s,0 s,25.7 ms,0 s,0 s,,,,0 s,0 s,0 s,0 s,1.5 s,0 s,0 s,29.9 ms,0 s,0 s,0 s,0 s,0 s,0 s,0 s,0 s,0 s,33.0 ms,0 s,0 s,0 s,0 s,2.8 ms,0 s,23.8 ms,21.7 ms,0 s,0 s,0 s,0 s,0 s,0 s
2024-01-03 15:48:40,0 s,0 s,0 s,0 s,0 s,0 s,0 s,0 s,0 s,0 s,0 s,29.0 ms,0 s,0 s,0 s,0 s,0 s,0 s,0 s,0 s,0 s,0 s,0 s,215.0 µs,0 s,0 s,0 s,0 s,30.6 ms,0 s,0 s,,,,0 s,0 s,0 s,0 s,1.5 s,0 s,0 s,32.1 ms,0 s,0 s,0 s,0 s,0 s,0 s,0 s,0 s,0 s,43.2 ms,0 s,0 s,0 s,0 s,2.7 ms,0 s,26.1 ms,23.2 ms,0 s,0 s,0 s,0 s,0 s,0 s
2024-01-03 15:48:45,0 s,0 s,0 s,0 s,0 s,0 s,0 s,0 s,0 s,0 s,0 s,26.4 ms,0 s,0 s,0 s,0 s,0 s,0 s,0 s,0 s,0 s,0 s,0 s,218.9 µs,0 s,0 s,0 s,0 s,30.1 ms,0 s,0 s,,,,0 s,0 s,0 s,0 s,1.5 s,0 s,0 s,30.3 ms,0 s,0 s,0 s,0 s,0 s,0 s,0 s,0 s,0 s,44.2 ms,0 s,0 s,0 s,0 s,2.8 ms,0 s,23.2 ms,16.0 ms,0 s,0 s,0 s,0 s,0 s,0 s
2024-01-03 15:48:50,0 s,0 s,0 s,0 s,0 s,0 s,0 s,0 s,0 s,0 s,0 s,26.1 ms,0 s,0 s,0 s,0 s,0 s,0 s,0 s,0 s,0 s,0 s,0 s,220.7 µs,0 s,0 s,0 s,0 s,26.9 ms,0 s,0 s,,,,0 s,0 s,0 s,0 s,1.5 s,0 s,0 s,29.6 ms,0 s,0 s,0 s,0 s,0 s,0 s,0 s,0 s,0 s,48.6 ms,0 s,0 s,0 s,0 s,0 s,0 s,25.4 ms,21.3 ms,0 s,0 s,0 s,0 s,0 s,0 s
2024-01-03 15:48:55,0 s,0 s,0 s,0 s,0 s,0 s,0 s,0 s,0 s,0 s,0 s,24.2 ms,0 s,0 s,0 s,0 s,0 s,0 s,0 s,0 s,0 s,0 s,0 s,215.1 µs,0 s,0 s,0 s,0 s,27.0 ms,0 s,0 s,,,,0 s,0 s,0 s,0 s,1.6 s,0 s,0 s,38.3 ms,0 s,0 s,0 s,0 s,0 s,0 s,0 s,0 s,0 s,43.7 ms,0 s,0 s,0 s,0 s,0 s,0 s,25.0 ms,15.9 ms,0 s,0 s,0 s,0 s,0 s,0 s
2024-01-03 15:49:00,0 s,0 s,0 s,0 s,0 s,0 s,0 s,0 s,0 s,0 s,0 s,24.8 ms,0 s,0 s,0 s,0 s,0 s,0 s,0 s,0 s,0 s,0 s,0 s,217.1 µs,0 s,0 s,0 s,0 s,20.2 ms,0 s,0 s,,,,0 s,0 s,0 s,0 s,1.6 s,0 s,0 s,37.7 ms,0 s,0 s,0 s,0 s,0 s,0 s,0 s,0 s,0 s,43.9 ms,0 s,0 s,0 s,0 s,0 s,0 s,24.2 ms,16.9 ms,0 s,0 s,0 s,0 s,0 s,0 s
2024-01-03 15:49:05,0 s,0 s,0 s,0 s,0 s,0 s,0 s,0 s,0 s,0 s,0 s,16.8 ms,0 s,0 s,0 s,0 s,0 s,0 s,0 s,0 s,0 s,0 s,0 s,218.0 µs,0 s,0 s,0 s,0 s,22.4 ms,0 s,0 s,,,,0 s,0 s,0 s,0 s,1.6 s,0 s,0 s,23.9 ms,0 s,0 s,0 s,0 s,0 s,0 s,0 s,0 s,0 s,39.7 ms,0 s,0 s,0 s,0 s,0 s,0 s,19.7 ms,17.0 ms,0 s,0 s,0 s,0 s,0 s,0 s
2024-01-03 15:49:10,0 s,0 s,0 s,0 s,0 s,0 s,0 s,0 s,0 s,0 s,0 s,19.4 ms,0 s,0 s,0 s,0 s,0 s,0 s,0 s,0 s,0 s,0 s,0 s,213.8 µs,0 s,0 s,0 s,0 s,26.7 ms,0 s,0 s,,,,0 s,0 s,0 s,0 s,1.6 s,0 s,0 s,24.0 ms,0 s,0 s,0 s,0 s,0 s,0 s,0 s,0 s,0 s,39.6 ms,0 s,0 s,0 s,0 s,0 s,0 s,22.1 ms,19.5 ms,0 s,0 s,0 s,0 s,0 s,0 s
2024-01-03 15:49:15,0 s,0 s,0 s,0 s,0 s,0 s,0 s,0 s,0 s,0 s,0 s,15.4 ms,0 s,0 s,0 s,0 s,0 s,0 s,0 s,0 s,0 s,0 s,0 s,216.6 µs,0 s,0 s,0 s,0 s,21.9 ms,0 s,0 s,,,,0 s,0 s,0 s,0 s,1.6 s,0 s,0 s,20.6 ms,0 s,0 s,0 s,0 s,0 s,0 s,0 s,0 s,0 s,40.5 ms,0 s,0 s,0 s,0 s,0 s,0 s,20.1 ms,15.2 ms,0 s,0 s,0 s,0 s,0 s,0 s
2024-01-03 15:49:20,0 s,0 s,0 s,0 s,0 s,0 s,0 s,0 s,0 s,0 s,0 s,15.2 ms,0 s,0 s,0 s,0 s,0 s,0 s,0 s,0 s,0 s,0 s,0 s,220.0 µs,0 s,0 s,0 s,0 s,22.6 ms,0 s,0 s,,,,0 s,0 s,0 s,0 s,1.6 s,0 s,0 s,21.9 ms,0 s,0 s,0 s,0 s,0 s,0 s,0 s,0 s,0 s,40.6 ms,0 s,0 s,0 s,0 s,0 s,0 s,22.5 ms,17.4 ms,0 s,0 s,0 s,0 s,0 s,0 s
2024-01-03 15:49:25,0 s,0 s,0 s,0 s,0 s,0 s,0 s,0 s,0 s,0 s,0 s,13.6 ms,0 s,0 s,0 s,0 s,0 s,0 s,0 s,0 s,0 s,0 s,0 s,217.2 µs,0 s,0 s,0 s,0 s,21.0 ms,0 s,0 s,,,,0 s,0 s,0 s,0 s,1.6 s,0 s,0 s,16.6 ms,0 s,0 s,0 s,0 s,0 s,0 s,0 s,0 s,0 s,35.8 ms,0 s,0 s,0 s,0 s,0 s,0 s,17.0 ms,17.3 ms,0 s,0 s,0 s,0 s,0 s,0 s
2024-01-03 15:49:30,0 s,0 s,0 s,0 s,0 s,0 s,0 s,0 s,0 s,0 s,0 s,15.1 ms,0 s,0 s,0 s,0 s,0 s,0 s,0 s,0 s,0 s,0 s,0 s,218.1 µs,0 s,0 s,0 s,0 s,23.4 ms,0 s,0 s,,,,0 s,0 s,0 s,0 s,1.6 s,0 s,0 s,19.6 ms,0 s,0 s,0 s,0 s,0 s,0 s,0 s,0 s,0 s,39.2 ms,0 s,0 s,0 s,0 s,0 s,0 s,20.8 ms,25.2 ms,0 s,0 s,0 s,0 s,0 s,0 s
2024-01-03 15:49:35,0 s,0 s,0 s,0 s,0 s,0 s,0 s,0 s,0 s,0 s,0 s,15.4 ms,0 s,0 s,0 s,0 s,0 s,0 s,0 s,0 s,0 s,0 s,0 s,0 s,0 s,0 s,0 s,0 s,18.1 ms,0 s,0 s,,,,0 s,0 s,0 s,0 s,1.6 s,0 s,0 s,17.0 ms,0 s,0 s,0 s,0 s,0 s,0 s,0 s,0 s,0 s,28.6 ms,0 s,0 s,0 s,0 s,0 s,0 s,18.5 ms,23.6 ms,0 s,0 s,0 s,0 s,0 s,0 s
2024-01-03 15:49:40,0 s,0 s,0 s,0 s,0 s,0 s,0 s,0 s,0 s,0 s,0 s,16.4 ms,0 s,0 s,0 s,0 s,0 s,0 s,0 s,0 s,0 s,0 s,0 s,0 s,0 s,0 s,0 s,0 s,22.5 ms,0 s,0 s,,,,0 s,0 s,0 s,0 s,1.7 s,0 s,0 s,26.1 ms,2.3 ms,0 s,0 s,0 s,0 s,0 s,0 s,0 s,0 s,30.9 ms,0 s,0 s,0 s,0 s,0 s,0 s,20.9 ms,24.2 ms,0 s,0 s,0 s,0 s,0 s,0 s
2024-01-03 15:49:45,0 s,0 s,0 s,0 s,0 s,0 s,0 s,0 s,0 s,0 s,0 s,17.0 ms,0 s,0 s,0 s,0 s,0 s,0 s,0 s,0 s,0 s,0 s,0 s,0 s,0 s,0 s,0 s,0 s,23.5 ms,0 s,0 s,,,,0 s,0 s,0 s,0 s,1.6 s,0 s,0 s,26.1 ms,2.4 ms,0 s,0 s,0 s,0 s,0 s,0 s,0 s,0 s,31.4 ms,0 s,0 s,0 s,0 s,0 s,0 s,18.5 ms,21.2 ms,0 s,0 s,0 s,0 s,0 s,0 s
2024-01-03 15:49:50,0 s,1.1 ms,0 s,0 s,0 s,0 s,0 s,0 s,0 s,0 s,0 s,17.4 ms,0 s,0 s,0 s,0 s,16.6 ms,0 s,0 s,0 s,0 s,0 s,0 s,0 s,0 s,0 s,0 s,0 s,23.5 ms,0 s,0 s,,,,0 s,0 s,0 s,0 s,1.6 s,0 s,0 s,19.4 ms,7.1 ms,0 s,0 s,0 s,312.1 µs,0 s,0 s,0 s,0 s,32.0 ms,0 s,0 s,0 s,0 s,0 s,0 s,18.9 ms,24.7 ms,0 s,0 s,0 s,0 s,0 s,0 s
2024-01-03 15:49:55,0 s,1.1 ms,35.0 ms,0 s,0 s,0 s,0 s,0 s,0 s,0 s,0 s,15.1 ms,0 s,0 s,0 s,0 s,16.9 ms,0 s,0 s,0 s,0 s,0 s,0 s,0 s,0 s,0 s,0 s,0 s,23.2 ms,0 s,0 s,,,,0 s,0 s,0 s,0 s,1.5 s,0 s,0 s,17.9 ms,7.4 ms,0 s,0 s,0 s,312.6 µs,0 s,0 s,0 s,0 s,31.7 ms,0 s,0 s,0 s,0 s,0 s,0 s,18.0 ms,24.8 ms,0 s,0 s,0 s,0 s,0 s,0 s
2024-01-03 15:50:00,0 s,1.1 ms,55.5 ms,0 s,0 s,0 s,0 s,0 s,0 s,0 s,0 s,15.2 ms,0 s,0 s,0 s,0 s,17.0 ms,0 s,0 s,0 s,0 s,0 s,0 s,0 s,0 s,0 s,0 s,0 s,18.6 ms,0 s,0 s,,,,0 s,0 s,0 s,0 s,1.5 s,0 s,0 s,18.0 ms,7.4 ms,0 s,0 s,0 s,1.0 ms,0 s,0 s,0 s,0 s,38.3 ms,0 s,0 s,0 s,0 s,0 s,0 s,17.9 ms,29.8 ms,0 s,0 s,0 s,0 s,0 s,0 s
2024-01-03 15:50:05,0 s,1.1 ms,56.7 ms,0 s,0 s,0 s,0 s,0 s,0 s,0 s,0 s,25.0 ms,0 s,0 s,0 s,0 s,17.2 ms,0 s,0 s,0 s,0 s,0 s,0 s,0 s,0 s,0 s,0 s,0 s,26.3 ms,0 s,0 s,,,,0 s,0 s,0 s,0 s,1.5 s,0 s,0 s,17.6 ms,17.4 ms,0 s,0 s,0 s,1.1 ms,0 s,0 s,0 s,0 s,37.9 ms,0 s,0 s,0 s,0 s,0 s,0 s,23.3 ms,28.9 ms,0 s,193.2 ms,0 s,0 s,0 s,0 s
2024-01-03 15:50:10,0 s,1.1 ms,56.6 ms,0 s,0 s,0 s,0 s,0 s,0 s,0 s,0 s,27.6 ms,0 s,0 s,0 s,0 s,17.0 ms,0 s,0 s,0 s,0 s,0 s,0 s,0 s,0 s,0 s,0 s,0 s,26.0 ms,0 s,0 s,,557.8 ms,,0 s,0 s,0 s,0 s,1.5 s,0 s,0 s,17.0 ms,17.7 ms,0 s,0 s,0 s,1.5 ms,0 s,0 s,0 s,0 s,31.3 ms,0 s,0 s,0 s,0 s,0 s,0 s,23.4 ms,31.8 ms,0 s,403.9 ms,0 s,26.5 ms,0 s,0 s
2024-01-03 15:50:15,0 s,1.1 ms,57.2 ms,0 s,0 s,13.8 ms,0 s,0 s,0 s,0 s,0 s,28.1 ms,0 s,0 s,0 s,0 s,16.5 ms,0 s,0 s,0 s,0 s,42.1 ms,0 s,0 s,0 s,0 s,0 s,0 s,26.0 ms,0 s,0 s,,914.9 ms,,0 s,0 s,0 s,0 s,1.5 s,0 s,0 s,23.1 ms,17.4 ms,0 s,0 s,0 s,1.5 ms,0 s,0 s,0 s,0 s,30.8 ms,0 s,0 s,0 s,0 s,0 s,0 s,21.4 ms,30.9 ms,0 s,411.2 ms,0 s,47.7 ms,0 s,0 s
2024-01-03 15:50:20,0 s,1.1 ms,56.7 ms,0 s,0 s,285.8 ms,0 s,0 s,0 s,0 s,0 s,36.0 ms,0 s,0 s,0 s,0 s,16.9 ms,0 s,0 s,0 s,0 s,40.9 ms,0 s,0 s,0 s,0 s,0 s,0 s,28.6 ms,0 s,0 s,,1.2 s,,0 s,0 s,0 s,0 s,1.5 s,0 s,10.6 ms,30.1 ms,17.0 ms,0 s,0 s,0 s,1.5 ms,0 s,0 s,0 s,0 s,32.7 ms,0 s,0 s,0 s,0 s,0 s,0 s,22.5 ms,31.5 ms,0 s,418.0 ms,0 s,47.6 ms,0 s,0 s
2024-01-03 15:50:25,0 s,1.1 ms,56.3 ms,0 s,0 s,412.5 ms,0 s,35.0 ms,0 s,0 s,0 s,34.4 ms,0 s,0 s,0 s,0 s,16.5 ms,0 s,0 s,0 s,0 s,68.6 ms,10.4 ms,0 s,0 s,0 s,0 s,0 s,22.1 ms,0 s,0 s,,1.4 s,,0 s,0 s,0 s,0 s,1.5 s,442.8 µs,13.0 ms,27.5 ms,18.3 ms,0 s,0 s,0 s,1.5 ms,0 s,0 s,0 s,0 s,22.6 ms,0 s,24.2 ms,0 s,0 s,0 s,0 s,17.7 ms,25.2 ms,0 s,419.5 ms,0 s,47.2 ms,0 s,0 s
2024-01-03 15:50:30,0 s,1.1 ms,57.3 ms,0 s,0 s,400.8 ms,0 s,34.3 ms,27.3 ms,0 s,0 s,42.6 ms,0 s,0 s,0 s,0 s,16.7 ms,0 s,0 s,0 s,0 s,68.8 ms,128.4 ms,0 s,0 s,0 s,0 s,0 s,27.8 ms,0 s,0 s,,1.6 s,,0 s,0 s,0 s,0 s,1.5 s,457.4 µs,13.3 ms,35.9 ms,18.1 ms,0 s,0 s,0 s,1.5 ms,0 s,0 s,0 s,0 s,22.6 ms,0 s,24.2 ms,0 s,0 s,0 s,0 s,17.5 ms,27.3 ms,0 s,417.0 ms,0 s,47.9 ms,0 s,0 s
2024-01-03 15:50:35,0 s,1.1 ms,56.6 ms,0 s,0 s,407.0 ms,0 s,35.0 ms,27.8 ms,0 s,0 s,40.1 ms,0 s,0 s,0 s,0 s,16.9 ms,0 s,0 s,0 s,0 s,70.0 ms,131.2 ms,0 s,0 s,0 s,0 s,0 s,23.8 ms,0 s,0 s,,1.8 s,,0 s,0 s,0 s,0 s,1.5 s,447.5 µs,13.4 ms,25.9 ms,15.8 ms,0 s,0 s,0 s,1.5 ms,0 s,0 s,0 s,0 s,28.1 ms,0 s,23.8 ms,0 s,0 s,0 s,0 s,15.3 ms,29.2 ms,0 s,417.3 ms,0 s,47.4 ms,0 s,0 s
2024-01-03 15:50:40,0 s,1.1 ms,56.4 ms,0 s,0 s,409.2 ms,0 s,34.4 ms,27.6 ms,0 s,0 s,46.1 ms,0 s,0 s,0 s,0 s,16.7 ms,0 s,0 s,0 s,0 s,68.7 ms,129.2 ms,0 s,0 s,0 s,0 s,0 s,28.3 ms,0 s,0 s,,2.2 s,,0 s,0 s,0 s,0 s,1.5 s,449.8 µs,13.4 ms,32.7 ms,15.7 ms,0 s,0 s,0 s,1.5 ms,0 s,0 s,0 s,0 s,24.4 ms,0 s,23.5 ms,0 s,0 s,0 s,0 s,23.4 ms,29.2 ms,0 s,415.5 ms,0 s,48.7 ms,0 s,0 s
2024-01-03 15:50:45,0 s,0 s,57.8 ms,0 s,0 s,400.3 ms,0 s,35.5 ms,27.1 ms,0 s,0 s,40.9 ms,0 s,0 s,0 s,0 s,0 s,0 s,0 s,0 s,0 s,70.3 ms,130.2 ms,0 s,0 s,0 s,0 s,0 s,28.2 ms,0 s,0 s,,2.5 s,,0 s,0 s,0 s,0 s,1.5 s,443.0 µs,13.1 ms,30.7 ms,10.9 ms,0 s,0 s,0 s,1.2 ms,0 s,0 s,0 s,0 s,23.1 ms,0 s,23.6 ms,0 s,0 s,0 s,0 s,22.9 ms,28.6 ms,0 s,423.9 ms,0 s,48.6 ms,0 s,0 s
2024-01-03 15:50:50,0 s,0 s,21.4 ms,0 s,0 s,401.6 ms,0 s,34.9 ms,27.2 ms,0 s,0 s,47.2 ms,0 s,0 s,0 s,0 s,0 s,0 s,0 s,0 s,0 s,69.6 ms,128.0 ms,0 s,0 s,0 s,0 s,0 s,28.8 ms,0 s,0 s,,2.7 s,,0 s,0 s,0 s,0 s,1.5 s,452.5 µs,13.4 ms,30.8 ms,10.6 ms,0 s,0 s,0 s,1.2 ms,0 s,0 s,0 s,0 s,23.0 ms,0 s,23.9 ms,0 s,0 s,0 s,0 s,32.8 ms,35.4 ms,0 s,427.8 ms,0 s,47.4 ms,0 s,0 s
2024-01-03 15:50:55,0 s,0 s,0 s,0 s,0 s,414.3 ms,0 s,34.4 ms,27.7 ms,0 s,0 s,48.4 ms,0 s,0 s,0 s,0 s,0 s,0 s,0 s,0 s,0 s,69.1 ms,131.1 ms,0 s,0 s,0 s,0 s,0 s,30.5 ms,0 s,0 s,,2.8 s,,0 s,0 s,0 s,0 s,1.5 s,441.5 µs,13.2 ms,30.7 ms,10.8 ms,0 s,0 s,0 s,448.5 µs,0 s,0 s,0 s,0 s,16.6 ms,0 s,24.2 ms,0 s,0 s,0 s,0 s,32.9 ms,28.1 ms,0 s,415.1 ms,0 s,48.8 ms,0 s,0 s
2024-01-03 15:51:00,0 s,0 s,0 s,0 s,0 s,395.7 ms,0 s,34.8 ms,27.9 ms,0 s,0 s,40.8 ms,0 s,9.2 ms,0 s,0 s,0 s,0 s,0 s,0 s,0 s,71.0 ms,130.3 ms,0 s,0 s,0 s,0 s,0 s,20.2 ms,0 s,0 s,,3.2 s,,0 s,0 s,0 s,0 s,1.5 s,445.7 µs,13.0 ms,33.7 ms,779.5 µs,0 s,0 s,0 s,436.6 µs,0 s,0 s,0 s,0 s,17.5 ms,0 s,24.4 ms,0 s,0 s,0 s,0 s,28.7 ms,30.3 ms,0 s,225.1 ms,0 s,48.1 ms,0 s,0 s
2024-01-03 15:51:05,0 s,0 s,0 s,0 s,0 s,396.0 ms,0 s,35.3 ms,27.2 ms,0 s,0 s,39.2 ms,0 s,9.2 ms,0 s,0 s,0 s,0 s,0 s,0 s,0 s,67.8 ms,128.1 ms,0 s,0 s,0 s,0 s,0 s,20.5 ms,0 s,0 s,,3.4 s,,0 s,0 s,0 s,0 s,1.5 s,440.8 µs,13.3 ms,33.1 ms,789.6 µs,0 s,0 s,0 s,0 s,0 s,0 s,0 s,0 s,15.1 ms,0 s,24.1 ms,0 s,0 s,0 s,0 s,26.3 ms,27.6 ms,0 s,10.8 ms,0 s,22.0 ms,0 s,0 s
2024-01-03 15:51:10,0 s,0 s,0 s,0 s,0 s,394.1 ms,0 s,34.4 ms,27.2 ms,0 s,0 s,46.8 ms,0 s,9.3 ms,0 s,0 s,0 s,0 s,0 s,0 s,0 s,27.1 ms,130.0 ms,0 s,0 s,0 s,0 s,0 s,20.5 ms,0 s,0 s,,3.3 s,,0 s,0 s,0 s,0 s,1.5 s,444.8 µs,13.2 ms,26.1 ms,775.2 µs,0 s,0 s,0 s,0 s,0 s,0 s,0 s,0 s,16.1 ms,0 s,24.2 ms,0 s,0 s,0 s,0 s,31.3 ms,27.0 ms,0 s,4.8 ms,0 s,0 s,0 s,0 s
2024-01-03 15:51:15,0 s,0 s,0 s,0 s,0 s,123.7 ms,0 s,35.0 ms,27.1 ms,0 s,0 s,38.4 ms,0 s,9.4 ms,0 s,0 s,0 s,0 s,0 s,0 s,0 s,27.5 ms,129.0 ms,0 s,0 s,0 s,0 s,0 s,27.2 ms,0 s,0 s,,3.1 s,,0 s,0 s,0 s,0 s,1.5 s,439.8 µs,2.7 ms,21.3 ms,773.9 µs,0 s,0 s,0 s,0 s,0 s,0 s,0 s,0 s,19.5 ms,0 s,24.4 ms,0 s,0 s,0 s,0 s,30.0 ms,25.6 ms,0 s,5.0 ms,0 s,0 s,0 s,0 s
2024-01-03 15:51:20,0 s,0 s,0 s,0 s,0 s,0 s,0 s,0 s,27.7 ms,0 s,0 s,39.1 ms,0 s,9.1 ms,0 s,0 s,0 s,0 s,0 s,0 s,0 s,0 s,119.1 ms,0 s,0 s,0 s,0 s,0 s,28.0 ms,0 s,0 s,,3.2 s,,0 s,0 s,0 s,0 s,1.5 s,0 s,0 s,23.5 ms,0 s,0 s,0 s,0 s,0 s,0 s,0 s,0 s,0 s,19.7 ms,0 s,0 s,0 s,0 s,0 s,0 s,35.4 ms,24.7 ms,0 s,0 s,0 s,0 s,0 s,0 s
2024-01-03 15:51:25,0 s,0 s,0 s,0 s,0 s,0 s,0 s,0 s,0 s,0 s,0 s,31.1 ms,0 s,9.5 ms,0 s,0 s,0 s,0 s,0 s,0 s,0 s,0 s,0 s,0 s,0 s,0 s,0 s,0 s,22.3 ms,0 s,0 s,,3.3 s,,0 s,0 s,0 s,0 s,1.6 s,0 s,0 s,15.7 ms,0 s,0 s,0 s,0 s,0 s,0 s,0 s,0 s,0 s,23.4 ms,0 s,0 s,0 s,0 s,0 s,0 s,35.9 ms,23.1 ms,0 s,0 s,0 s,0 s,0 s,0 s
2024-01-03 15:51:30,0 s,0 s,0 s,0 s,0 s,0 s,0 s,0 s,0 s,0 s,0 s,31.2 ms,0 s,9.2 ms,0 s,0 s,0 s,0 s,0 s,0 s,0 s,0 s,0 s,0 s,0 s,0 s,0 s,0 s,32.6 ms,0 s,0 s,,3.4 s,,0 s,0 s,0 s,0 s,1.5 s,0 s,0 s,24.6 ms,0 s,0 s,0 s,0 s,0 s,0 s,0 s,0 s,0 s,16.0 ms,0 s,0 s,0 s,0 s,0 s,0 s,36.4 ms,21.1 ms,0 s,0 s,0 s,0 s,0 s,0 s
2024-01-03 15:51:35,0 s,0 s,0 s,0 s,0 s,0 s,0 s,0 s,0 s,0 s,0 s,35.3 ms,0 s,9.4 ms,0 s,0 s,0 s,0 s,0 s,0 s,0 s,0 s,0 s,0 s,0 s,0 s,0 s,0 s,29.5 ms,0 s,0 s,,3.4 s,,0 s,0 s,0 s,0 s,1.5 s,0 s,0 s,17.7 ms,0 s,0 s,0 s,0 s,0 s,0 s,0 s,0 s,0 s,12.7 ms,0 s,0 s,0 s,0 s,0 s,0 s,28.7 ms,19.1 ms,0 s,0 s,0 s,0 s,0 s,0 s
2024-01-03 15:51:40,0 s,0 s,0 s,0 s,0 s,0 s,0 s,0 s,0 s,0 s,0 s,47.3 ms,0 s,9.3 ms,0 s,0 s,0 s,0 s,0 s,0 s,0 s,0 s,0 s,0 s,0 s,0 s,0 s,0 s,33.7 ms,0 s,0 s,,3.0 s,,0 s,0 s,0 s,0 s,1.6 s,0 s,0 s,19.0 ms,0 s,0 s,0 s,0 s,0 s,0 s,0 s,0 s,0 s,14.0 ms,0 s,0 s,0 s,0 s,0 s,0 s,33.1 ms,16.8 ms,0 s,0 s,0 s,0 s,0 s,0 s
2024-01-03 15:51:45,0 s,0 s,0 s,0 s,0 s,0 s,0 s,0 s,0 s,0 s,0 s,39.9 ms,0 s,9.4 ms,0 s,0 s,0 s,0 s,0 s,0 s,0 s,0 s,0 s,0 s,0 s,0 s,0 s,0 s,34.6 ms,0 s,0 s,,2.7 s,,0 s,0 s,0 s,0 s,1.6 s,0 s,0 s,18.3 ms,0 s,0 s,0 s,0 s,0 s,0 s,0 s,0 s,0 s,19.2 ms,0 s,0 s,0 s,0 s,0 s,0 s,20.7 ms,11.7 ms,0 s,0 s,0 s,0 s,0 s,0 s
2024-01-03 15:51:50,0 s,0 s,0 s,0 s,0 s,0 s,0 s,0 s,0 s,0 s,0 s,50.4 ms,0 s,9.2 ms,0 s,0 s,0 s,0 s,0 s,0 s,0 s,0 s,0 s,0 s,0 s,0 s,0 s,0 s,35.4 ms,0 s,0 s,,2.6 s,,0 s,0 s,0 s,0 s,1.6 s,0 s,0 s,21.7 ms,0 s,0 s,0 s,0 s,0 s,0 s,0 s,0 s,0 s,19.5 ms,0 s,0 s,0 s,0 s,0 s,0 s,22.8 ms,11.5 ms,0 s,0 s,0 s,0 s,0 s,0 s
2024-01-03 15:51:55,0 s,0 s,0 s,0 s,0 s,0 s,0 s,0 s,0 s,0 s,0 s,57.3 ms,0 s,0 s,0 s,0 s,0 s,0 s,0 s,0 s,0 s,0 s,0 s,11.1 µs,0 s,0 s,0 s,0 s,33.5 ms,0 s,0 s,,2.2 s,,0 s,0 s,0 s,0 s,1.5 s,0 s,0 s,19.0 ms,0 s,0 s,0 s,0 s,0 s,0 s,0 s,0 s,0 s,25.6 ms,0 s,0 s,0 s,0 s,0 s,0 s,19.2 ms,7.9 ms,0 s,0 s,0 s,0 s,0 s,0 s
2024-01-03 15:52:00,0 s,0 s,0 s,0 s,0 s,0 s,0 s,0 s,0 s,0 s,0 s,59.3 ms,0 s,0 s,0 s,0 s,0 s,0 s,0 s,0 s,0 s,0 s,0 s,11.2 µs,0 s,0 s,0 s,0 s,35.6 ms,0 s,0 s,,1.8 s,,0 s,0 s,0 s,0 s,1.5 s,0 s,0 s,24.8 ms,0 s,0 s,0 s,0 s,0 s,0 s,0 s,0 s,0 s,28.4 ms,0 s,0 s,0 s,0 s,0 s,0 s,21.5 ms,8.3 ms,0 s,0 s,0 s,0 s,0 s,0 s
2024-01-03 15:52:05,0 s,569.5 µs,0 s,0 s,0 s,0 s,0 s,0 s,0 s,0 s,0 s,55.6 ms,0 s,0 s,0 s,0 s,0 s,0 s,0 s,0 s,0 s,0 s,0 s,11.0 µs,0 s,0 s,0 s,0 s,39.9 ms,0 s,0 s,,1.5 s,,0 s,0 s,0 s,0 s,1.5 s,0 s,0 s,24.6 ms,0 s,0 s,0 s,0 s,0 s,0 s,0 s,0 s,0 s,27.4 ms,0 s,0 s,0 s,0 s,0 s,0 s,16.2 ms,14.3 ms,0 s,0 s,0 s,0 s,0 s,0 s
2024-01-03 15:52:10,0 s,575.6 µs,0 s,0 s,0 s,0 s,0 s,0 s,0 s,0 s,0 s,54.7 ms,0 s,0 s,0 s,0 s,0 s,0 s,0 s,0 s,0 s,0 s,0 s,11.0 µs,0 s,0 s,0 s,0 s,30.7 ms,0 s,0 s,,1.3 s,,0 s,0 s,0 s,0 s,1.6 s,0 s,0 s,30.5 ms,0 s,0 s,0 s,0 s,0 s,0 s,0 s,0 s,0 s,22.1 ms,0 s,0 s,0 s,0 s,0 s,0 s,17.7 ms,14.4 ms,0 s,0 s,0 s,0 s,0 s,0 s
2024-01-03 15:52:15,0 s,582.0 µs,0 s,0 s,0 s,0 s,0 s,0 s,0 s,0 s,0 s,70.6 ms,0 s,0 s,0 s,0 s,0 s,0 s,0 s,0 s,0 s,0 s,0 s,11.2 µs,0 s,0 s,0 s,0 s,32.0 ms,0 s,0 s,,1.1 s,,0 s,0 s,0 s,0 s,1.6 s,0 s,0 s,29.2 ms,0 s,0 s,0 s,0 s,0 s,0 s,0 s,0 s,0 s,25.3 ms,0 s,0 s,0 s,0 s,0 s,0 s,12.1 ms,13.2 ms,0 s,0 s,0 s,0 s,0 s,0 s
2024-01-03 15:52:20,0 s,570.3 µs,0 s,0 s,0 s,0 s,0 s,0 s,0 s,0 s,0 s,78.6 ms,0 s,0 s,0 s,0 s,0 s,0 s,0 s,0 s,0 s,0 s,0 s,11.3 µs,0 s,0 s,0 s,0 s,34.3 ms,0 s,0 s,,776.1 ms,,0 s,0 s,0 s,0 s,1.5 s,0 s,0 s,38.7 ms,0 s,0 s,0 s,0 s,0 s,0 s,0 s,0 s,0 s,29.2 ms,0 s,0 s,0 s,0 s,0 s,0 s,14.4 ms,19.9 ms,0 s,0 s,0 s,0 s,0 s,0 s
2024-01-03 15:52:25,0 s,577.2 µs,0 s,0 s,0 s,0 s,0 s,0 s,0 s,0 s,0 s,77.6 ms,0 s,0 s,0 s,0 s,0 s,0 s,0 s,0 s,0 s,0 s,0 s,11.3 µs,0 s,0 s,0 s,0 s,23.6 ms,0 s,0 s,,425.2 ms,,0 s,0 s,0 s,0 s,1.5 s,0 s,0 s,30.5 ms,0 s,0 s,0 s,0 s,0 s,0 s,0 s,0 s,0 s,28.2 ms,0 s,0 s,0 s,0 s,0 s,0 s,13.8 ms,19.4 ms,0 s,0 s,0 s,0 s,0 s,0 s
2024-01-03 15:52:30,0 s,572.6 µs,0 s,0 s,0 s,0 s,0 s,0 s,0 s,0 s,0 s,71.9 ms,0 s,0 s,0 s,0 s,0 s,0 s,0 s,0 s,0 s,0 s,0 s,11.1 µs,0 s,0 s,0 s,0 s,28.1 ms,0 s,0 s,,,,0 s,0 s,0 s,0 s,1.6 s,0 s,0 s,34.9 ms,0 s,0 s,0 s,0 s,0 s,0 s,0 s,0 s,0 s,28.3 ms,0 s,0 s,0 s,0 s,0 s,0 s,15.0 ms,19.6 ms,0 s,0 s,0 s,0 s,0 s,0 s
2024-01-03 15:52:35,0 s,569.0 µs,0 s,0 s,0 s,0 s,0 s,0 s,0 s,0 s,0 s,62.0 ms,0 s,0 s,0 s,0 s,0 s,0 s,0 s,0 s,0 s,0 s,0 s,11.2 µs,0 s,0 s,0 s,0 s,25.5 ms,0 s,0 s,,,,0 s,0 s,0 s,0 s,1.6 s,0 s,0 s,33.8 ms,0 s,0 s,0 s,0 s,0 s,0 s,0 s,0 s,0 s,33.0 ms,0 s,0 s,0 s,0 s,0 s,0 s,10.9 ms,19.2 ms,0 s,0 s,0 s,0 s,0 s,0 s
2024-01-03 15:52:40,0 s,583.1 µs,0 s,0 s,0 s,0 s,0 s,0 s,0 s,0 s,0 s,63.6 ms,0 s,0 s,0 s,0 s,0 s,0 s,0 s,0 s,0 s,0 s,0 s,11.2 µs,0 s,0 s,0 s,0 s,24.2 ms,0 s,0 s,,,,0 s,0 s,0 s,0 s,1.6 s,0 s,0 s,35.0 ms,0 s,0 s,0 s,0 s,0 s,0 s,0 s,0 s,0 s,30.2 ms,0 s,0 s,0 s,0 s,0 s,0 s,13.9 ms,22.1 ms,0 s,0 s,0 s,0 s,0 s,0 s
2024-01-03 15:52:45,0 s,572.1 µs,0 s,0 s,0 s,0 s,0 s,0 s,0 s,0 s,0 s,61.7 ms,0 s,0 s,0 s,0 s,0 s,0 s,0 s,0 s,0 s,0 s,0 s,11.1 µs,0 s,0 s,0 s,0 s,23.1 ms,0 s,0 s,,,,0 s,0 s,0 s,0 s,1.6 s,0 s,0 s,46.2 ms,0 s,0 s,0 s,0 s,0 s,0 s,0 s,0 s,0 s,32.9 ms,0 s,0 s,0 s,0 s,0 s,0 s,11.6 ms,21.0 ms,0 s,0 s,0 s,0 s,0 s,0 s
2024-01-03 15:52:50,0 s,575.5 µs,0 s,0 s,0 s,0 s,0 s,0 s,0 s,0 s,0 s,51.8 ms,0 s,0 s,0 s,0 s,0 s,0 s,0 s,0 s,0 s,0 s,0 s,0 s,0 s,0 s,0 s,0 s,23.6 ms,0 s,0 s,,,,0 s,0 s,0 s,0 s,1.7 s,0 s,0 s,51.8 ms,0 s,0 s,0 s,0 s,0 s,0 s,0 s,0 s,0 s,31.0 ms,0 s,0 s,0 s,0 s,0 s,0 s,16.6 ms,23.6 ms,0 s,0 s,0 s,0 s,0 s,0 s
2024-01-03 15:52:55,0 s,587.7 µs,0 s,0 s,0 s,0 s,0 s,0 s,0 s,0 s,0 s,49.1 ms,0 s,0 s,0 s,0 s,0 s,0 s,0 s,0 s,0 s,0 s,0 s,0 s,0 s,0 s,0 s,0 s,35.7 ms,0 s,0 s,,,,0 s,0 s,0 s,0 s,1.7 s,0 s,0 s,46.3 ms,0 s,0 s,0 s,0 s,0 s,0 s,0 s,0 s,0 s,28.0 ms,0 s,0 s,0 s,0 s,0 s,0 s,13.9 ms,25.0 ms,0 s,0 s,0 s,0 s,0 s,0 s
2024-01-03 15:53:00,0 s,0 s,0 s,0 s,0 s,0 s,0 s,0 s,0 s,0 s,0 s,51.8 ms,0 s,0 s,0 s,0 s,0 s,0 s,0 s,0 s,0 s,0 s,0 s,0 s,0 s,0 s,0 s,0 s,32.7 ms,0 s,0 s,,,,0 s,0 s,0 s,0 s,1.7 s,0 s,0 s,48.5 ms,0 s,0 s,0 s,0 s,0 s,0 s,0 s,0 s,0 s,28.5 ms,0 s,0 s,0 s,0 s,0 s,0 s,16.0 ms,29.0 ms,0 s,0 s,0 s,0 s,0 s,0 s
2024-01-03 15:53:05,0 s,0 s,0 s,0 s,0 s,0 s,0 s,0 s,0 s,0 s,0 s,53.0 ms,107.3 µs,0 s,0 s,0 s,0 s,0 s,0 s,0 s,0 s,0 s,0 s,0 s,0 s,0 s,0 s,0 s,33.4 ms,0 s,0 s,,,,0 s,0 s,0 s,0 s,1.7 s,0 s,0 s,41.3 ms,0 s,0 s,0 s,0 s,0 s,0 s,0 s,0 s,0 s,35.8 ms,0 s,0 s,0 s,0 s,0 s,0 s,14.7 ms,29.4 ms,0 s,0 s,0 s,0 s,0 s,0 s
2024-01-03 15:53:10,0 s,0 s,0 s,0 s,0 s,0 s,0 s,0 s,0 s,0 s,0 s,40.6 ms,105.9 µs,0 s,0 s,0 s,0 s,0 s,0 s,0 s,0 s,0 s,0 s,0 s,0 s,0 s,0 s,0 s,45.4 ms,0 s,0 s,,,,0 s,0 s,0 s,0 s,1.6 s,0 s,0 s,46.2 ms,0 s,0 s,0 s,0 s,0 s,0 s,0 s,0 s,0 s,34.5 ms,0 s,0 s,0 s,0 s,0 s,0 s,14.8 ms,34.6 ms,0 s,1.1 ms,0 s,0 s,0 s,0 s
2024-01-03 15:53:15,0 s,0 s,0 s,0 s,0 s,0 s,0 s,0 s,0 s,0 s,0 s,31.8 ms,106.1 µs,0 s,0 s,0 s,0 s,0 s,0 s,0 s,0 s,0 s,0 s,0 s,0 s,0 s,0 s,0 s,45.2 ms,0 s,0 s,,,,0 s,0 s,0 s,0 s,1.7 s,0 s,0 s,36.6 ms,0 s,0 s,0 s,0 s,0 s,0 s,0 s,0 s,0 s,27.3 ms,0 s,0 s,0 s,0 s,0 s,0 s,15.2 ms,27.2 ms,0 s,1.1 ms,0 s,0 s,0 s,0 s
2024-01-03 15:53:20,0 s,0 s,0 s,0 s,0 s,538.0 µs,0 s,0 s,0 s,0 s,0 s,33.6 ms,104.7 µs,0 s,0 s,0 s,0 s,0 s,0 s,0 s,0 s,0 s,0 s,0 s,0 s,0 s,0 s,0 s,66.1 ms,0 s,0 s,,,,0 s,0 s,0 s,0 s,1.6 s,0 s,0 s,37.2 ms,0 s,0 s,0 s,0 s,0 s,0 s,0 s,0 s,0 s,33.7 ms,0 s,0 s,0 s,0 s,0 s,0 s,36.1 ms,29.9 ms,0 s,1.1 ms,0 s,0 s,0 s,0 s
2024-01-03 15:53:25,0 s,0 s,0 s,0 s,0 s,544.5 µs,0 s,0 s,0 s,0 s,0 s,43.9 ms,105.2 µs,0 s,0 s,0 s,0 s,0 s,0 s,0 s,0 s,0 s,0 s,0 s,0 s,0 s,0 s,0 s,65.8 ms,0 s,0 s,,,,0 s,0 s,0 s,0 s,1.6 s,0 s,0 s,33.3 ms,0 s,29.2 µs,0 s,0 s,0 s,0 s,0 s,0 s,0 s,33.3 ms,0 s,0 s,0 s,0 s,0 s,0 s,36.1 ms,29.4 ms,0 s,1.1 ms,0 s,0 s,0 s,0 s
2024-01-03 15:53:30,0 s,0 s,0 s,0 s,0 s,526.0 µs,0 s,0 s,0 s,0 s,0 s,41.1 ms,105.4 µs,0 s,0 s,0 s,0 s,0 s,0 s,0 s,0 s,0 s,0 s,0 s,0 s,0 s,0 s,0 s,69.9 ms,0 s,0 s,,,,0 s,0 s,0 s,0 s,1.6 s,0 s,0 s,33.3 ms,0 s,29.1 µs,0 s,0 s,0 s,0 s,0 s,0 s,0 s,27.3 ms,0 s,0 s,0 s,0 s,0 s,0 s,42.9 ms,32.6 ms,0 s,1.1 ms,0 s,0 s,0 s,0 s
2024-01-03 15:53:35,0 s,0 s,0 s,0 s,0 s,529.5 µs,0 s,0 s,0 s,0 s,0 s,47.1 ms,104.5 µs,0 s,0 s,0 s,0 s,0 s,0 s,0 s,0 s,0 s,0 s,0 s,0 s,0 s,0 s,0 s,71.3 ms,0 s,0 s,,,,0 s,0 s,0 s,0 s,1.6 s,0 s,0 s,34.2 ms,0 s,29.3 µs,0 s,0 s,0 s,0 s,0 s,0 s,0 s,29.6 ms,0 s,0 s,0 s,0 s,0 s,0 s,39.2 ms,26.5 ms,0 s,1.1 ms,0 s,0 s,0 s,0 s
2024-01-03 15:53:40,0 s,0 s,1.7 ms,0 s,0 s,534.9 µs,0 s,0 s,0 s,0 s,0 s,37.6 ms,106.2 µs,0 s,0 s,0 s,0 s,0 s,0 s,0 s,0 s,0 s,0 s,0 s,0 s,0 s,0 s,0 s,74.9 ms,0 s,0 s,,,,0 s,0 s,0 s,0 s,1.6 s,0 s,0 s,24.5 ms,0 s,29.0 µs,0 s,0 s,0 s,0 s,0 s,0 s,0 s,28.6 ms,0 s,0 s,0 s,0 s,0 s,0 s,46.8 ms,39.3 ms,0 s,1.1 ms,0 s,0 s,0 s,0 s
2024-01-03 15:53:45,0 s,0 s,1.8 ms,0 s,0 s,537.2 µs,0 s,0 s,0 s,0 s,0 s,38.7 ms,104.2 µs,0 s,0 s,0 s,0 s,0 s,0 s,0 s,0 s,0 s,0 s,0 s,0 s,0 s,0 s,0 s,76.8 ms,0 s,0 s,,,,0 s,0 s,0 s,0 s,1.5 s,0 s,0 s,19.1 ms,0 s,28.8 µs,0 s,0 s,0 s,0 s,0 s,0 s,0 s,24.2 ms,0 s,0 s,0 s,0 s,0 s,0 s,41.7 ms,36.6 ms,0 s,1.2 ms,0 s,0 s,0 s,0 s
2024-01-03 15:53:50,0 s,0 s,1.8 ms,0 s,0 s,536.2 µs,0 s,0 s,0 s,0 s,0 s,38.6 ms,107.2 µs,0 s,0 s,0 s,0 s,0 s,0 s,0 s,0 s,0 s,0 s,0 s,0 s,0 s,0 s,0 s,63.9 ms,0 s,0 s,,,,0 s,0 s,0 s,0 s,1.6 s,0 s,0 s,20.2 ms,0 s,28.3 µs,0 s,0 s,0 s,0 s,0 s,0 s,0 s,24.6 ms,0 s,0 s,0 s,0 s,0 s,0 s,43.1 ms,34.5 ms,0 s,1.2 ms,0 s,0 s,0 s,0 s
2024-01-03 15:53:55,0 s,0 s,1.8 ms,0 s,0 s,537.2 µs,0 s,0 s,0 s,0 s,0 s,41.2 ms,106.0 µs,0 s,0 s,0 s,0 s,0 s,0 s,0 s,0 s,0 s,0 s,0 s,0 s,0 s,0 s,0 s,61.8 ms,0 s,0 s,,,,0 s,0 s,0 s,0 s,1.5 s,0 s,0 s,18.4 ms,0 s,28.8 µs,0 s,0 s,0 s,0 s,0 s,0 s,0 s,23.6 ms,0 s,0 s,0 s,0 s,0 s,0 s,41.9 ms,23.5 ms,0 s,1.1 ms,0 s,0 s,0 s,0 s
2024-01-03 15:54:00,0 s,0 s,1.7 ms,0 s,0 s,537.5 µs,0 s,0 s,0 s,0 s,0 s,43.8 ms,0 s,0 s,0 s,0 s,0 s,0 s,0 s,0 s,0 s,0 s,0 s,0 s,0 s,0 s,0 s,0 s,63.4 ms,0 s,0 s,,,,0 s,0 s,0 s,0 s,1.6 s,0 s,0 s,25.1 ms,0 s,29.0 µs,0 s,0 s,0 s,0 s,0 s,0 s,0 s,16.9 ms,0 s,0 s,0 s,0 s,0 s,0 s,42.9 ms,24.2 ms,0 s,1.1 ms,0 s,0 s,0 s,0 s
2024-01-03 15:54:05,0 s,0 s,1.8 ms,0 s,0 s,525.3 µs,0 s,0 s,0 s,0 s,0 s,39.7 ms,0 s,0 s,0 s,0 s,0 s,0 s,0 s,0 s,0 s,0 s,0 s,0 s,0 s,0 s,0 s,0 s,59.4 ms,0 s,0 s,,,,0 s,0 s,0 s,0 s,1.6 s,0 s,0 s,19.6 ms,1.1 ms,29.4 µs,0 s,0 s,0 s,0 s,0 s,0 s,0 s,25.4 ms,0 s,0 s,0 s,0 s,0 s,0 s,56.2 ms,32.1 ms,0 s,0 s,0 s,0 s,0 s,0 s
2024-01-03 15:54:10,0 s,0 s,1.8 ms,0 s,0 s,542.6 µs,0 s,0 s,0 s,0 s,0 s,41.5 ms,0 s,0 s,0 s,0 s,0 s,0 s,0 s,0 s,0 s,0 s,0 s,0 s,0 s,0 s,0 s,0 s,57.9 ms,0 s,0 s,,,,0 s,0 s,0 s,0 s,1.6 s,0 s,0 s,24.5 ms,1.1 ms,28.6 µs,0 s,0 s,0 s,0 s,0 s,0 s,0 s,25.7 ms,0 s,0 s,0 s,0 s,0 s,0 s,54.3 ms,46.0 ms,0 s,0 s,0 s,0 s,0 s,0 s
2024-01-03 15:54:15,0 s,0 s,1.7 ms,0 s,0 s,0 s,0 s,0 s,0 s,0 s,0 s,40.9 ms,0 s,0 s,0 s,0 s,0 s,0 s,0 s,0 s,0 s,0 s,0 s,0 s,0 s,0 s,0 s,0 s,40.1 ms,0 s,0 s,,,,0 s,0 s,0 s,0 s,1.5 s,0 s,0 s,26.8 ms,1.1 ms,29.2 µs,0 s,0 s,0 s,0 s,0 s,0 s,0 s,20.6 ms,0 s,0 s,0 s,0 s,0 s,0 s,33.8 ms,42.8 ms,0 s,0 s,0 s,0 s,0 s,0 s
2024-01-03 15:54:20,0 s,0 s,1.8 ms,0 s,0 s,0 s,0 s,0 s,0 s,0 s,0 s,27.3 ms,0 s,0 s,0 s,0 s,0 s,0 s,0 s,0 s,0 s,0 s,0 s,0 s,0 s,0 s,0 s,0 s,34.8 ms,0 s,0 s,,,,0 s,0 s,0 s,0 s,1.5 s,0 s,0 s,37.5 ms,1.2 ms,0 s,0 s,0 s,0 s,0 s,0 s,0 s,0 s,20.6 ms,0 s,0 s,0 s,0 s,0 s,0 s,34.3 ms,47.8 ms,0 s,0 s,0 s,0 s,0 s,0 s
2024-01-03 15:54:25,0 s,0 s,1.8 ms,0 s,0 s,0 s,0 s,0 s,0 s,0 s,0 s,38.4 ms,0 s,0 s,0 s,0 s,0 s,0 s,0 s,0 s,0 s,0 s,0 s,0 s,0 s,0 s,0 s,0 s,29.8 ms,0 s,0 s,,,,0 s,0 s,0 s,0 s,1.5 s,0 s,0 s,36.7 ms,1.1 ms,0 s,0 s,0 s,0 s,0 s,0 s,0 s,0 s,20.1 ms,0 s,0 s,0 s,0 s,0 s,0 s,28.3 ms,43.8 ms,0 s,0 s,0 s,0 s,0 s,0 s
2024-01-03 15:54:30,0 s,0 s,1.8 ms,0 s,0 s,0 s,0 s,0 s,0 s,0 s,0 s,36.8 ms,0 s,0 s,0 s,0 s,0 s,0 s,0 s,0 s,0 s,0 s,0 s,0 s,0 s,0 s,0 s,0 s,28.1 ms,0 s,0 s,,,,0 s,0 s,0 s,0 s,1.6 s,0 s,0 s,39.1 ms,1.1 ms,0 s,0 s,0 s,0 s,0 s,0 s,0 s,0 s,26.7 ms,0 s,0 s,0 s,0 s,0 s,0 s,37.2 ms,44.8 ms,0 s,0 s,0 s,0 s,0 s,0 s
2024-01-03 15:54:35,0 s,0 s,0 s,0 s,0 s,0 s,0 s,0 s,0 s,0 s,0 s,36.8 ms,0 s,0 s,0 s,0 s,0 s,0 s,0 s,0 s,0 s,2.9 ms,0 s,0 s,0 s,0 s,0 s,0 s,27.8 ms,0 s,0 s,,,,0 s,0 s,0 s,0 s,1.5 s,0 s,0 s,34.7 ms,1.1 ms,0 s,0 s,0 s,0 s,0 s,0 s,0 s,0 s,26.1 ms,0 s,0 s,0 s,0 s,0 s,0 s,29.4 ms,44.7 ms,0 s,0 s,0 s,0 s,0 s,0 s
2024-01-03 15:54:40,0 s,0 s,0 s,0 s,0 s,0 s,0 s,0 s,0 s,0 s,0 s,42.1 ms,0 s,0 s,0 s,0 s,0 s,0 s,0 s,0 s,0 s,2.9 ms,0 s,0 s,0 s,0 s,0 s,0 s,27.0 ms,0 s,0 s,,,,0 s,0 s,0 s,0 s,1.5 s,0 s,0 s,36.4 ms,1.1 ms,0 s,0 s,0 s,0 s,0 s,0 s,0 s,0 s,26.0 ms,0 s,0 s,0 s,0 s,0 s,0 s,46.1 ms,61.8 ms,0 s,0 s,0 s,0 s,0 s,0 s
2024-01-03 15:54:45,0 s,0 s,0 s,0 s,0 s,0 s,0 s,0 s,0 s,0 s,0 s,41.6 ms,0 s,885.7 µs,0 s,0 s,0 s,0 s,0 s,0 s,0 s,2.9 ms,0 s,0 s,0 s,0 s,0 s,0 s,27.9 ms,0 s,0 s,,,,0 s,0 s,0 s,0 s,1.5 s,0 s,0 s,35.3 ms,1.1 ms,0 s,0 s,0 s,0 s,0 s,0 s,0 s,0 s,29.5 ms,0 s,0 s,0 s,0 s,0 s,0 s,44.5 ms,63.5 ms,0 s,0 s,0 s,0 s,0 s,0 s
2024-01-03 15:54:50,0 s,0 s,0 s,0 s,0 s,0 s,0 s,0 s,0 s,0 s,0 s,33.1 ms,0 s,919.6 µs,0 s,0 s,0 s,0 s,0 s,0 s,0 s,2.9 ms,0 s,0 s,0 s,0 s,0 s,0 s,31.9 ms,0 s,0 s,,,,0 s,0 s,0 s,0 s,1.5 s,0 s,0 s,35.4 ms,1.1 ms,0 s,0 s,0 s,0 s,0 s,0 s,0 s,0 s,34.4 ms,0 s,0 s,0 s,0 s,0 s,0 s,43.8 ms,77.0 ms,0 s,0 s,0 s,0 s,0 s,0 s
2024-01-03 15:54:55,0 s,0 s,0 s,0 s,0 s,0 s,0 s,0 s,0 s,0 s,0 s,33.7 ms,0 s,926.2 µs,0 s,0 s,0 s,0 s,0 s,0 s,0 s,2.9 ms,0 s,0 s,0 s,0 s,0 s,0 s,30.1 ms,0 s,0 s,,,,0 s,0 s,0 s,0 s,1.5 s,0 s,0 s,28.3 ms,1.1 ms,0 s,0 s,0 s,0 s,0 s,0 s,0 s,0 s,33.6 ms,0 s,0 s,0 s,0 s,0 s,0 s,45.9 ms,75.5 ms,0 s,0 s,0 s,0 s,0 s,0 s
2024-01-03 15:55:00,0 s,0 s,0 s,0 s,0 s,0 s,0 s,0 s,0 s,0 s,0 s,40.0 ms,0 s,915.5 µs,0 s,0 s,0 s,0 s,0 s,0 s,0 s,2.9 ms,0 s,0 s,0 s,0 s,0 s,0 s,19.6 ms,0 s,0 s,,,,0 s,0 s,0 s,0 s,1.4 s,0 s,0 s,28.0 ms,0 s,0 s,0 s,0 s,0 s,0 s,0 s,0 s,0 s,23.0 ms,0 s,0 s,0 s,0 s,0 s,0 s,34.4 ms,65.0 ms,0 s,0 s,0 s,0 s,0 s,0 s
2024-01-03 15:55:05,0 s,0 s,0 s,0 s,0 s,0 s,0 s,0 s,0 s,0 s,0 s,38.1 ms,0 s,902.4 µs,0 s,0 s,0 s,0 s,0 s,0 s,0 s,2.8 ms,0 s,0 s,0 s,0 s,0 s,0 s,27.0 ms,0 s,0 s,,,,0 s,0 s,0 s,0 s,1.5 s,0 s,0 s,39.3 ms,0 s,0 s,0 s,0 s,0 s,0 s,0 s,0 s,0 s,23.1 ms,0 s,0 s,0 s,0 s,0 s,0 s,32.9 ms,52.1 ms,0 s,0 s,0 s,0 s,0 s,0 s
2024-01-03 15:55:10,0 s,0 s,0 s,0 s,0 s,0 s,0 s,0 s,0 s,0 s,0 s,44.8 ms,0 s,908.9 µs,0 s,0 s,0 s,0 s,0 s,0 s,0 s,2.9 ms,0 s,0 s,0 s,0 s,0 s,0 s,36.1 ms,0 s,0 s,,,,0 s,0 s,0 s,0 s,1.5 s,0 s,0 s,39.0 ms,0 s,0 s,0 s,0 s,0 s,0 s,0 s,0 s,0 s,23.8 ms,0 s,0 s,0 s,0 s,0 s,0 s,34.3 ms,56.4 ms,0 s,0 s,0 s,0 s,0 s,0 s
2024-01-03 15:55:15,0 s,0 s,0 s,0 s,0 s,0 s,0 s,0 s,0 s,0 s,0 s,46.1 ms,0 s,905.3 µs,0 s,0 s,0 s,0 s,0 s,0 s,0 s,2.8 ms,0 s,0 s,0 s,0 s,0 s,0 s,34.2 ms,0 s,0 s,,,,0 s,0 s,0 s,0 s,1.5 s,0 s,0 s,27.4 ms,0 s,0 s,0 s,0 s,0 s,0 s,0 s,0 s,0 s,24.3 ms,0 s,0 s,0 s,0 s,0 s,0 s,32.2 ms,52.1 ms,0 s,0 s,0 s,0 s,0 s,0 s
2024-01-03 15:55:20,0 s,0 s,0 s,0 s,0 s,0 s,0 s,0 s,0 s,0 s,0 s,34.6 ms,0 s,910.3 µs,0 s,0 s,0 s,0 s,0 s,0 s,0 s,2.9 ms,0 s,0 s,0 s,0 s,0 s,0 s,35.4 ms,0 s,0 s,,,,0 s,0 s,0 s,0 s,1.5 s,0 s,0 s,33.9 ms,0 s,0 s,0 s,0 s,0 s,0 s,0 s,0 s,0 s,34.4 ms,0 s,0 s,0 s,0 s,0 s,0 s,32.2 ms,54.8 ms,0 s,0 s,0 s,0 s,0 s,0 s
2024-01-03 15:55:25,0 s,0 s,0 s,0 s,0 s,0 s,0 s,0 s,0 s,0 s,0 s,38.5 ms,0 s,911.2 µs,0 s,0 s,0 s,0 s,0 s,0 s,0 s,2.9 ms,0 s,0 s,0 s,0 s,0 s,0 s,35.6 ms,0 s,0 s,,,,0 s,0 s,0 s,0 s,1.5 s,0 s,0 s,29.8 ms,0 s,0 s,0 s,0 s,0 s,0 s,0 s,0 s,0 s,23.3 ms,0 s,0 s,0 s,0 s,0 s,0 s,31.5 ms,54.0 ms,0 s,0 s,0 s,0 s,0 s,0 s
2024-01-03 15:55:30,0 s,0 s,0 s,0 s,0 s,0 s,0 s,0 s,0 s,0 s,0 s,37.7 ms,0 s,924.8 µs,0 s,0 s,0 s,0 s,0 s,0 s,0 s,0 s,0 s,0 s,0 s,0 s,0 s,0 s,36.0 ms,0 s,0 s,,,,0 s,0 s,0 s,0 s,1.5 s,0 s,0 s,36.3 ms,0 s,0 s,0 s,0 s,0 s,0 s,0 s,0 s,0 s,22.0 ms,0 s,0 s,0 s,0 s,0 s,0 s,36.0 ms,53.3 ms,0 s,0 s,0 s,0 s,0 s,0 s
2024-01-03 15:55:35,0 s,0 s,0 s,0 s,0 s,0 s,0 s,0 s,0 s,0 s,0 s,31.2 ms,0 s,907.5 µs,0 s,0 s,0 s,0 s,0 s,0 s,0 s,0 s,0 s,0 s,0 s,0 s,0 s,0 s,33.8 ms,0 s,0 s,,,,0 s,0 s,0 s,0 s,1.5 s,0 s,0 s,33.8 ms,0 s,0 s,0 s,0 s,0 s,0 s,0 s,0 s,0 s,24.8 ms,0 s,0 s,0 s,0 s,0 s,0 s,20.1 ms,37.9 ms,0 s,0 s,0 s,0 s,0 s,0 s
2024-01-03 15:55:40,0 s,0 s,0 s,0 s,0 s,0 s,0 s,0 s,0 s,0 s,0 s,32.2 ms,0 s,0 s,0 s,0 s,0 s,0 s,0 s,0 s,0 s,0 s,0 s,0 s,0 s,0 s,0 s,0 s,35.9 ms,0 s,0 s,,,,0 s,0 s,0 s,0 s,1.6 s,0 s,0 s,40.1 ms,0 s,0 s,0 s,0 s,0 s,0 s,0 s,0 s,0 s,27.6 ms,0 s,0 s,0 s,0 s,0 s,0 s,23.1 ms,48.7 ms,0 s,0 s,0 s,0 s,0 s,0 s
2024-01-03 15:55:45,0 s,0 s,0 s,0 s,0 s,0 s,0 s,0 s,0 s,0 s,0 s,31.7 ms,0 s,0 s,0 s,0 s,0 s,0 s,0 s,0 s,0 s,0 s,0 s,0 s,0 s,0 s,0 s,0 s,31.8 ms,0 s,0 s,,,,0 s,0 s,0 s,0 s,1.5 s,0 s,0 s,38.7 ms,0 s,0 s,0 s,0 s,0 s,0 s,0 s,0 s,0 s,23.3 ms,0 s,0 s,0 s,0 s,0 s,0 s,23.1 ms,34.8 ms,0 s,0 s,0 s,0 s,0 s,0 s
2024-01-03 15:55:50,0 s,0 s,0 s,0 s,0 s,0 s,0 s,0 s,0 s,0 s,0 s,27.7 ms,0 s,0 s,0 s,0 s,0 s,0 s,0 s,0 s,0 s,0 s,0 s,0 s,0 s,0 s,0 s,0 s,33.9 ms,0 s,0 s,,,,0 s,0 s,0 s,0 s,1.5 s,0 s,0 s,38.3 ms,0 s,0 s,0 s,0 s,0 s,0 s,0 s,0 s,0 s,26.1 ms,0 s,0 s,0 s,0 s,0 s,0 s,24.5 ms,39.8 ms,0 s,0 s,0 s,0 s,0 s,0 s
2024-01-03 15:55:55,0 s,0 s,0 s,0 s,0 s,265.8 µs,0 s,0 s,0 s,0 s,0 s,27.0 ms,0 s,0 s,0 s,0 s,0 s,0 s,0 s,0 s,0 s,0 s,0 s,0 s,0 s,0 s,0 s,0 s,33.3 ms,0 s,0 s,,,,0 s,0 s,0 s,0 s,1.6 s,0 s,0 s,40.0 ms,0 s,0 s,0 s,0 s,0 s,0 s,0 s,0 s,0 s,28.1 ms,0 s,0 s,0 s,0 s,0 s,0 s,22.0 ms,38.2 ms,0 s,0 s,0 s,965.4 µs,0 s,0 s
2024-01-03 15:56:00,0 s,0 s,0 s,0 s,0 s,262.2 µs,0 s,0 s,0 s,0 s,0 s,26.6 ms,0 s,0 s,0 s,0 s,0 s,0 s,0 s,0 s,0 s,0 s,0 s,0 s,0 s,0 s,0 s,0 s,28.1 ms,0 s,0 s,,,,0 s,0 s,0 s,0 s,1.6 s,0 s,0 s,26.5 ms,0 s,0 s,0 s,0 s,0 s,0 s,0 s,0 s,0 s,28.3 ms,0 s,0 s,0 s,0 s,0 s,0 s,25.1 ms,38.7 ms,0 s,0 s,0 s,983.3 µs,0 s,0 s
2024-01-03 15:56:05,0 s,0 s,0 s,961.7 µs,0 s,263.0 µs,0 s,0 s,0 s,0 s,0 s,19.2 ms,0 s,0 s,0 s,0 s,0 s,0 s,0 s,0 s,0 s,0 s,0 s,0 s,0 s,0 s,0 s,0 s,15.9 ms,0 s,0 s,,,,0 s,0 s,0 s,0 s,1.6 s,0 s,0 s,23.8 ms,0 s,0 s,0 s,0 s,0 s,576.2 µs,0 s,0 s,0 s,29.2 ms,0 s,0 s,0 s,0 s,0 s,0 s,23.6 ms,34.4 ms,0 s,0 s,0 s,950.7 µs,0 s,0 s
2024-01-03 15:56:10,0 s,0 s,0 s,967.1 µs,0 s,269.8 µs,0 s,0 s,0 s,0 s,0 s,22.7 ms,0 s,0 s,0 s,0 s,0 s,0 s,0 s,0 s,0 s,0 s,0 s,0 s,0 s,0 s,0 s,0 s,16.7 ms,0 s,0 s,,,,0 s,0 s,0 s,0 s,1.6 s,0 s,0 s,30.2 ms,0 s,0 s,0 s,0 s,0 s,564.6 µs,0 s,0 s,0 s,29.5 ms,0 s,0 s,0 s,0 s,0 s,0 s,24.1 ms,42.5 ms,0 s,0 s,0 s,965.5 µs,0 s,0 s
2024-01-03 15:56:15,0 s,0 s,0 s,966.4 µs,0 s,269.5 µs,0 s,0 s,0 s,0 s,0 s,24.9 ms,0 s,0 s,0 s,0 s,0 s,0 s,0 s,0 s,0 s,0 s,0 s,0 s,0 s,0 s,0 s,0 s,26.8 ms,0 s,0 s,,,,0 s,653.4 µs,0 s,0 s,1.6 s,0 s,0 s,24.4 ms,0 s,0 s,0 s,0 s,0 s,563.3 µs,0 s,0 s,0 s,20.2 ms,0 s,0 s,0 s,0 s,0 s,0 s,24.0 ms,42.1 ms,0 s,0 s,0 s,967.4 µs,0 s,0 s
2024-01-03 15:56:20,0 s,0 s,0 s,966.6 µs,0 s,262.2 µs,0 s,0 s,0 s,0 s,0 s,25.4 ms,0 s,0 s,0 s,0 s,0 s,0 s,0 s,0 s,0 s,0 s,874.9 µs,0 s,0 s,651.7 µs,0 s,0 s,28.7 ms,0 s,0 s,,,,0 s,654.0 µs,0 s,0 s,1.5 s,0 s,0 s,24.4 ms,0 s,0 s,0 s,0 s,0 s,581.9 µs,0 s,0 s,0 s,39.8 ms,0 s,0 s,0 s,0 s,0 s,0 s,16.4 ms,43.5 ms,0 s,0 s,0 s,945.0 µs,0 s,0 s
2024-01-03 15:56:25,0 s,0 s,0 s,962.0 µs,0 s,267.7 µs,0 s,0 s,0 s,0 s,0 s,25.7 ms,0 s,0 s,0 s,0 s,0 s,0 s,0 s,0 s,0 s,0 s,847.6 µs,0 s,0 s,654.1 µs,0 s,823.1 µs,24.4 ms,0 s,0 s,,,,0 s,650.7 µs,0 s,0 s,1.5 s,0 s,0 s,18.9 ms,0 s,0 s,0 s,0 s,0 s,582.9 µs,0 s,0 s,0 s,39.1 ms,0 s,0 s,0 s,0 s,0 s,0 s,14.0 ms,32.9 ms,0 s,0 s,0 s,965.5 µs,811.3 µs,0 s
2024-01-03 15:56:30,0 s,0 s,0 s,958.8 µs,0 s,267.3 µs,0 s,0 s,0 s,0 s,0 s,26.7 ms,0 s,0 s,0 s,0 s,0 s,0 s,0 s,0 s,0 s,0 s,881.2 µs,0 s,0 s,650.3 µs,0 s,832.4 µs,26.8 ms,0 s,0 s,,,,0 s,636.8 µs,0 s,0 s,1.4 s,0 s,0 s,19.8 ms,0 s,0 s,0 s,0 s,0 s,585.4 µs,0 s,0 s,0 s,36.5 ms,0 s,0 s,0 s,0 s,0 s,0 s,21.7 ms,32.9 ms,0 s,0 s,0 s,951.3 µs,815.1 µs,0 s
2024-01-03 15:56:35,0 s,0 s,0 s,1.0 ms,0 s,269.1 µs,0 s,0 s,0 s,0 s,0 s,26.5 ms,0 s,0 s,0 s,0 s,0 s,0 s,0 s,0 s,0 s,0 s,861.3 µs,0 s,0 s,639.7 µs,0 s,836.0 µs,23.8 ms,0 s,0 s,,,,0 s,651.5 µs,0 s,162.1 µs,1.4 s,0 s,0 s,14.4 ms,0 s,0 s,0 s,0 s,0 s,589.5 µs,0 s,0 s,0 s,38.7 ms,0 s,0 s,0 s,0 s,0 s,0 s,19.0 ms,21.1 ms,690.9 µs,0 s,0 s,974.9 µs,813.8 µs,0 s
2024-01-03 15:56:40,0 s,0 s,0 s,975.2 µs,0 s,269.3 µs,0 s,0 s,0 s,0 s,718.7 µs,26.7 ms,0 s,0 s,0 s,0 s,761.8 µs,0 s,693.7 µs,0 s,0 s,0 s,870.6 µs,0 s,0 s,644.0 µs,0 s,833.1 µs,29.7 ms,0 s,0 s,,,,0 s,645.6 µs,0 s,163.6 µs,1.5 s,773.3 µs,0 s,14.4 ms,0 s,0 s,0 s,0 s,0 s,589.1 µs,0 s,0 s,0 s,39.7 ms,0 s,0 s,0 s,0 s,0 s,0 s,18.6 ms,22.9 ms,671.2 µs,0 s,0 s,1.7 ms,797.6 µs,0 s
2024-01-03 15:56:45,0 s,0 s,0 s,963.6 µs,0 s,266.7 µs,0 s,446.6 µs,0 s,0 s,709.1 µs,46.5 ms,0 s,0 s,0 s,0 s,765.2 µs,0 s,699.7 µs,0 s,0 s,0 s,851.5 µs,0 s,0 s,646.2 µs,0 s,827.2 µs,28.2 ms,0 s,0 s,,,,0 s,654.1 µs,0 s,160.0 µs,1.5 s,771.7 µs,0 s,14.4 ms,0 s,0 s,921.6 µs,0 s,0 s,591.4 µs,0 s,0 s,0 s,40.7 ms,0 s,0 s,0 s,0 s,0 s,0 s,14.0 ms,17.0 ms,677.7 µs,0 s,0 s,1.8 ms,813.7 µs,0 s
2024-01-03 15:56:50,0 s,0 s,0 s,948.5 µs,0 s,0 s,0 s,453.9 µs,296.1 µs,0 s,723.7 µs,40.9 ms,0 s,0 s,0 s,0 s,752.8 µs,0 s,715.4 µs,0 s,0 s,0 s,875.3 µs,0 s,0 s,641.5 µs,0 s,830.2 µs,31.5 ms,0 s,0 s,,,462.6 ms,0 s,646.0 µs,0 s,162.3 µs,1.4 s,771.4 µs,0 s,15.5 ms,0 s,0 s,882.8 µs,0 s,154.8 µs,564.7 µs,0 s,0 s,0 s,38.9 ms,0 s,849.1 µs,0 s,0 s,0 s,0 s,14.1 ms,18.9 ms,686.0 µs,0 s,0 s,782.7 µs,810.8 µs,0 s
2024-01-03 15:56:55,0 s,0 s,0 s,958.9 µs,0 s,0 s,0 s,442.7 µs,296.9 µs,0 s,726.4 µs,43.8 ms,0 s,0 s,0 s,0 s,754.5 µs,0 s,707.5 µs,0 s,0 s,0 s,864.4 µs,0 s,0 s,637.8 µs,0 s,816.4 µs,33.5 ms,0 s,0 s,,,742.6 ms,0 s,649.3 µs,0 s,162.6 µs,1.5 s,776.4 µs,0 s,12.8 ms,0 s,0 s,885.4 µs,0 s,157.9 µs,584.4 µs,0 s,0 s,0 s,38.1 ms,0 s,864.1 µs,0 s,0 s,0 s,0 s,11.6 ms,18.8 ms,684.5 µs,0 s,0 s,759.9 µs,815.5 µs,0 s
2024-01-03 15:57:00,0 s,0 s,0 s,0 s,0 s,0 s,0 s,436.5 µs,301.2 µs,0 s,725.1 µs,50.1 ms,0 s,0 s,0 s,0 s,747.4 µs,0 s,714.3 µs,0 s,0 s,0 s,865.8 µs,0 s,0 s,637.7 µs,334.5 µs,835.5 µs,33.7 ms,0 s,0 s,,,1.0 s,0 s,639.5 µs,0 s,164.7 µs,1.4 s,756.5 µs,0 s,13.1 ms,0 s,0 s,902.6 µs,0 s,156.1 µs,0 s,0 s,0 s,0 s,35.6 ms,0 s,864.3 µs,0 s,0 s,0 s,0 s,13.7 ms,22.5 ms,675.5 µs,0 s,0 s,775.0 µs,809.2 µs,0 s
2024-01-03 15:57:05,0 s,83.3 µs,0 s,0 s,0 s,0 s,0 s,447.8 µs,301.8 µs,0 s,717.9 µs,48.1 ms,0 s,0 s,0 s,0 s,749.8 µs,0 s,714.3 µs,0 s,0 s,0 s,882.2 µs,0 s,0 s,658.9 µs,337.4 µs,825.2 µs,33.5 ms,0 s,0 s,,,1.2 s,0 s,652.3 µs,0 s,162.2 µs,1.4 s,765.5 µs,0 s,6.8 ms,2.3 ms,0 s,905.6 µs,0 s,154.7 µs,0 s,0 s,0 s,0 s,36.3 ms,0 s,885.2 µs,0 s,0 s,0 s,0 s,13.2 ms,15.6 ms,666.2 µs,0 s,0 s,770.8 µs,804.3 µs,0 s
2024-01-03 15:57:10,0 s,82.2 µs,0 s,0 s,0 s,0 s,0 s,440.9 µs,299.1 µs,0 s,708.4 µs,46.9 ms,0 s,0 s,0 s,0 s,749.4 µs,0 s,709.3 µs,0 s,0 s,0 s,862.6 µs,0 s,0 s,650.2 µs,339.0 µs,834.9 µs,23.0 ms,0 s,0 s,,,1.4 s,0 s,0 s,0 s,160.5 µs,1.4 s,792.6 µs,0 s,7.8 ms,2.3 ms,0 s,902.8 µs,0 s,160.6 µs,0 s,0 s,0 s,0 s,39.5 ms,0 s,858.7 µs,0 s,0 s,0 s,0 s,22.5 ms,16.7 ms,670.5 µs,0 s,0 s,777.0 µs,793.1 µs,0 s
2024-01-03 15:57:15,0 s,85.8 µs,0 s,0 s,0 s,0 s,0 s,448.1 µs,295.4 µs,0 s,707.2 µs,59.6 ms,0 s,0 s,0 s,0 s,745.8 µs,0 s,695.8 µs,0 s,0 s,0 s,0 s,0 s,0 s,0 s,326.2 µs,834.1 µs,20.9 ms,0 s,0 s,,,1.6 s,0 s,0 s,0 s,164.0 µs,1.4 s,775.0 µs,0 s,10.7 ms,2.3 ms,0 s,905.6 µs,0 s,157.1 µs,0 s,0 s,0 s,0 s,20.0 ms,0 s,872.9 µs,0 s,0 s,0 s,0 s,22.4 ms,14.6 ms,666.2 µs,0 s,0 s,791.6 µs,809.9 µs,0 s
2024-01-03 15:57:20,0 s,83.5 µs,0 s,0 s,0 s,0 s,0 s,444.2 µs,300.2 µs,0 s,717.9 µs,67.7 ms,0 s,0 s,0 s,0 s,741.2 µs,0 s,707.4 µs,0 s,0 s,0 s,0 s,0 s,0 s,0 s,331.2 µs,0 s,20.7 ms,0 s,0 s,,,1.8 s,0 s,0 s,0 s,163.7 µs,1.4 s,789.8 µs,0 s,12.9 ms,2.2 ms,0 s,894.6 µs,0 s,158.9 µs,0 s,0 s,0 s,0 s,21.3 ms,0 s,854.4 µs,0 s,0 s,0 s,0 s,21.1 ms,14.6 ms,669.5 µs,0 s,0 s,758.3 µs,0 s,0 s
2024-01-03 15:57:25,0 s,83.0 µs,0 s,0 s,0 s,0 s,0 s,445.8 µs,301.6 µs,0 s,728.3 µs,65.2 ms,0 s,0 s,0 s,0 s,771.6 µs,0 s,683.8 µs,0 s,0 s,0 s,0 s,0 s,0 s,0 s,331.3 µs,0 s,21.3 ms,0 s,0 s,,,2.2 s,0 s,0 s,0 s,162.3 µs,1.5 s,767.3 µs,0 s,12.5 ms,2.2 ms,0 s,908.8 µs,0 s,145.5 µs,0 s,0 s,0 s,0 s,21.2 ms,0 s,868.6 µs,0 s,0 s,0 s,0 s,15.2 ms,15.6 ms,682.0 µs,0 s,0 s,787.8 µs,0 s,0 s
2024-01-03 15:57:30,0 s,85.8 µs,0 s,0 s,0 s,0 s,0 s,449.1 µs,300.3 µs,0 s,713.2 µs,64.5 ms,0 s,0 s,0 s,0 s,760.3 µs,0 s,689.2 µs,0 s,0 s,0 s,0 s,0 s,0 s,0 s,331.4 µs,0 s,21.3 ms,0 s,0 s,,,2.5 s,0 s,0 s,0 s,0 s,1.4 s,775.5 µs,0 s,13.6 ms,2.3 ms,0 s,896.9 µs,0 s,161.2 µs,0 s,0 s,0 s,0 s,12.4 ms,0 s,871.3 µs,0 s,0 s,0 s,0 s,19.6 ms,22.2 ms,0 s,0 s,0 s,768.7 µs,0 s,0 s
2024-01-03 15:57:35,0 s,83.3 µs,0 s,0 s,0 s,0 s,0 s,449.1 µs,303.3 µs,0 s,0 s,72.9 ms,0 s,0 s,0 s,0 s,0 s,0 s,0 s,0 s,0 s,0 s,0 s,0 s,0 s,0 s,333.2 µs,0 s,20.2 ms,0 s,0 s,,,2.7 s,0 s,0 s,0 s,0 s,1.4 s,0 s,0 s,13.6 ms,2.3 ms,0 s,892.7 µs,0 s,156.3 µs,0 s,0 s,0 s,0 s,27.9 ms,0 s,862.9 µs,0 s,0 s,0 s,0 s,21.3 ms,20.9 ms,0 s,0 s,0 s,0 s,0 s,0 s
2024-01-03 15:57:40,0 s,85.6 µs,0 s,0 s,0 s,0 s,0 s,0 s,304.0 µs,0 s,0 s,53.5 ms,0 s,0 s,0 s,0 s,0 s,0 s,0 s,0 s,0 s,0 s,0 s,0 s,0 s,0 s,335.3 µs,0 s,29.0 ms,0 s,0 s,,,2.8 s,0 s,0 s,0 s,0 s,1.4 s,0 s,0 s,17.8 ms,2.3 ms,0 s,0 s,0 s,156.7 µs,0 s,0 s,0 s,0 s,25.9 ms,0 s,850.5 µs,0 s,0 s,0 s,0 s,28.1 ms,22.1 ms,0 s,0 s,0 s,0 s,0 s,0 s
2024-01-03 15:57:45,0 s,83.0 µs,0 s,0 s,0 s,0 s,0 s,0 s,0 s,0 s,0 s,57.9 ms,0 s,9.7 ms,0 s,0 s,0 s,0 s,0 s,0 s,0 s,0 s,0 s,0 s,0 s,0 s,333.1 µs,0 s,26.0 ms,0 s,0 s,,,3.1 s,0 s,0 s,0 s,0 s,1.4 s,0 s,0 s,14.4 ms,2.3 ms,0 s,0 s,0 s,0 s,0 s,0 s,0 s,0 s,25.1 ms,0 s,0 s,0 s,0 s,0 s,0 s,28.5 ms,20.3 ms,0 s,0 s,0 s,0 s,0 s,0 s
2024-01-03 15:57:50,0 s,83.1 µs,0 s,0 s,0 s,0 s,0 s,0 s,0 s,0 s,0 s,60.0 ms,0 s,9.9 ms,0 s,0 s,0 s,0 s,0 s,0 s,0 s,0 s,0 s,0 s,0 s,0 s,336.8 µs,0 s,22.3 ms,0 s,0 s,,,3.2 s,0 s,0 s,0 s,0 s,1.4 s,0 s,0 s,14.6 ms,2.3 ms,0 s,0 s,0 s,0 s,0 s,0 s,0 s,0 s,29.5 ms,0 s,0 s,0 s,0 s,0 s,0 s,30.0 ms,20.9 ms,0 s,0 s,0 s,0 s,0 s,0 s
2024-01-03 15:57:55,0 s,85.3 µs,0 s,0 s,0 s,0 s,0 s,0 s,0 s,0 s,0 s,52.6 ms,0 s,9.8 ms,0 s,0 s,0 s,0 s,0 s,0 s,0 s,0 s,0 s,0 s,0 s,0 s,0 s,0 s,22.3 ms,0 s,0 s,,,3.2 s,0 s,0 s,0 s,0 s,1.4 s,0 s,0 s,15.5 ms,2.3 ms,0 s,0 s,0 s,0 s,0 s,0 s,0 s,0 s,29.1 ms,0 s,0 s,0 s,0 s,0 s,0 s,28.2 ms,25.3 ms,0 s,0 s,0 s,0 s,0 s,0 s
2024-01-03 15:58:00,0 s,0 s,0 s,0 s,0 s,0 s,0 s,0 s,0 s,0 s,0 s,51.5 ms,0 s,9.9 ms,0 s,0 s,0 s,0 s,0 s,0 s,0 s,0 s,0 s,0 s,0 s,0 s,0 s,0 s,21.9 ms,0 s,0 s,,,3.1 s,0 s,0 s,0 s,0 s,1.4 s,0 s,0 s,20.6 ms,0 s,0 s,0 s,0 s,0 s,0 s,0 s,0 s,0 s,30.0 ms,0 s,0 s,0 s,0 s,0 s,0 s,27.9 ms,27.0 ms,0 s,0 s,0 s,0 s,0 s,0 s
2024-01-03 15:58:05,0 s,0 s,0 s,0 s,0 s,0 s,0 s,0 s,0 s,0 s,0 s,53.0 ms,0 s,10.2 ms,0 s,0 s,0 s,0 s,0 s,0 s,0 s,0 s,0 s,0 s,0 s,0 s,0 s,0 s,22.8 ms,0 s,0 s,,,3.1 s,0 s,0 s,0 s,0 s,1.4 s,0 s,0 s,19.7 ms,0 s,0 s,0 s,0 s,0 s,0 s,0 s,0 s,0 s,26.6 ms,0 s,0 s,0 s,0 s,0 s,0 s,18.8 ms,25.8 ms,0 s,0 s,0 s,0 s,0 s,0 s
2024-01-03 15:58:10,0 s,0 s,0 s,0 s,0 s,0 s,0 s,0 s,0 s,0 s,0 s,31.0 ms,0 s,9.8 ms,0 s,0 s,0 s,0 s,0 s,0 s,0 s,0 s,0 s,0 s,0 s,0 s,0 s,0 s,22.9 ms,0 s,0 s,,,3.2 s,0 s,0 s,0 s,0 s,1.4 s,0 s,0 s,16.6 ms,0 s,0 s,0 s,0 s,0 s,0 s,0 s,0 s,0 s,31.4 ms,0 s,0 s,0 s,0 s,0 s,0 s,20.6 ms,28.0 ms,0 s,0 s,0 s,0 s,0 s,0 s
2024-01-03 15:58:15,0 s,0 s,0 s,0 s,0 s,0 s,0 s,0 s,0 s,0 s,0 s,33.6 ms,0 s,9.9 ms,0 s,0 s,0 s,0 s,0 s,0 s,0 s,0 s,0 s,0 s,0 s,0 s,0 s,0 s,25.4 ms,0 s,0 s,,,3.2 s,0 s,0 s,0 s,0 s,1.5 s,0 s,0 s,12.9 ms,0 s,0 s,0 s,0 s,0 s,0 s,0 s,0 s,0 s,30.1 ms,0 s,0 s,0 s,0 s,0 s,0 s,20.0 ms,26.5 ms,0 s,0 s,0 s,0 s,0 s,0 s
2024-01-03 15:58:20,0 s,0 s,0 s,0 s,0 s,0 s,0 s,0 s,0 s,0 s,0 s,40.0 ms,0 s,10.0 ms,0 s,0 s,0 s,0 s,0 s,0 s,0 s,0 s,0 s,0 s,0 s,0 s,0 s,0 s,22.1 ms,0 s,0 s,,,3.1 s,0 s,0 s,0 s,0 s,1.4 s,0 s,0 s,17.8 ms,0 s,0 s,0 s,0 s,0 s,0 s,0 s,0 s,0 s,30.5 ms,0 s,0 s,0 s,0 s,0 s,0 s,24.7 ms,27.8 ms,0 s,0 s,0 s,0 s,0 s,0 s
2024-01-03 15:58:25,0 s,0 s,0 s,0 s,0 s,0 s,0 s,0 s,0 s,0 s,0 s,39.5 ms,0 s,10.0 ms,0 s,0 s,0 s,0 s,0 s,0 s,0 s,0 s,0 s,0 s,0 s,0 s,0 s,0 s,24.8 ms,0 s,0 s,,,2.7 s,0 s,0 s,0 s,0 s,1.5 s,0 s,0 s,17.5 ms,0 s,0 s,0 s,0 s,0 s,0 s,0 s,0 s,0 s,33.7 ms,0 s,0 s,0 s,0 s,0 s,0 s,21.2 ms,21.4 ms,0 s,0 s,0 s,0 s,0 s,0 s
2024-01-03 15:58:30,0 s,0 s,0 s,0 s,0 s,0 s,0 s,0 s,0 s,0 s,0 s,42.7 ms,0 s,9.8 ms,0 s,0 s,0 s,0 s,0 s,0 s,0 s,0 s,0 s,0 s,0 s,0 s,0 s,0 s,27.1 ms,0 s,0 s,,,2.5 s,0 s,0 s,0 s,0 s,1.5 s,0 s,0 s,24.0 ms,0 s,0 s,0 s,0 s,0 s,0 s,0 s,0 s,0 s,18.6 ms,0 s,0 s,0 s,0 s,0 s,0 s,20.2 ms,22.4 ms,0 s,0 s,0 s,0 s,0 s,0 s
2024-01-03 15:58:35,0 s,0 s,0 s,0 s,0 s,0 s,0 s,0 s,0 s,0 s,0 s,44.1 ms,0 s,10.1 ms,0 s,0 s,0 s,0 s,0 s,0 s,0 s,0 s,0 s,0 s,0 s,0 s,0 s,0 s,17.6 ms,0 s,0 s,,,2.3 s,0 s,0 s,0 s,0 s,1.5 s,0 s,0 s,19.8 ms,0 s,0 s,0 s,0 s,0 s,0 s,0 s,0 s,0 s,19.8 ms,0 s,0 s,0 s,0 s,0 s,0 s,15.4 ms,21.5 ms,0 s,0 s,0 s,0 s,0 s,0 s
2024-01-03 15:58:40,0 s,0 s,0 s,0 s,0 s,0 s,0 s,0 s,0 s,0 s,0 s,39.7 ms,0 s,0 s,0 s,0 s,0 s,0 s,0 s,0 s,0 s,0 s,0 s,0 s,0 s,0 s,0 s,0 s,17.6 ms,0 s,0 s,,,1.8 s,0 s,0 s,0 s,0 s,1.5 s,0 s,0 s,21.1 ms,0 s,0 s,0 s,0 s,0 s,0 s,0 s,0 s,0 s,21.2 ms,0 s,0 s,0 s,0 s,0 s,0 s,17.1 ms,21.5 ms,0 s,0 s,0 s,0 s,0 s,0 s
2024-01-03 15:58:45,0 s,0 s,0 s,0 s,0 s,0 s,0 s,0 s,0 s,0 s,0 s,36.8 ms,0 s,0 s,0 s,0 s,0 s,0 s,0 s,0 s,0 s,0 s,479.4 µs,0 s,0 s,0 s,0 s,0 s,20.6 ms,0 s,0 s,,,1.5 s,0 s,0 s,0 s,0 s,1.5 s,0 s,0 s,20.8 ms,0 s,0 s,0 s,561.8 µs,0 s,0 s,0 s,0 s,0 s,16.4 ms,0 s,0 s,0 s,0 s,0 s,0 s,15.4 ms,25.4 ms,0 s,0 s,0 s,0 s,0 s,0 s
2024-01-03 15:58:50,0 s,0 s,0 s,0 s,0 s,0 s,0 s,0 s,0 s,0 s,0 s,37.0 ms,0 s,0 s,0 s,0 s,0 s,0 s,0 s,0 s,0 s,0 s,475.8 µs,0 s,0 s,0 s,0 s,0 s,19.9 ms,0 s,0 s,,,1.2 s,0 s,0 s,0 s,0 s,1.5 s,0 s,0 s,19.8 ms,0 s,0 s,0 s,551.7 µs,0 s,0 s,0 s,0 s,0 s,19.7 ms,0 s,0 s,0 s,0 s,0 s,0 s,17.1 ms,17.8 ms,0 s,0 s,0 s,0 s,0 s,0 s
2024-01-03 15:58:55,0 s,0 s,0 s,799.7 µs,0 s,0 s,0 s,0 s,0 s,0 s,0 s,54.2 ms,0 s,0 s,0 s,0 s,0 s,0 s,0 s,0 s,0 s,0 s,473.0 µs,0 s,0 s,0 s,0 s,0 s,20.6 ms,863.6 µs,0 s,,,1.1 s,0 s,0 s,0 s,155.5 µs,1.5 s,0 s,0 s,17.5 ms,0 s,0 s,0 s,570.0 µs,0 s,0 s,0 s,0 s,0 s,17.2 ms,0 s,0 s,0 s,0 s,0 s,0 s,17.2 ms,14.4 ms,0 s,0 s,0 s,0 s,0 s,0 s
2024-01-03 15:59:00,0 s,0 s,0 s,804.7 µs,0 s,0 s,0 s,0 s,0 s,0 s,0 s,67.8 ms,0 s,0 s,0 s,0 s,0 s,0 s,0 s,0 s,0 s,0 s,492.8 µs,0 s,0 s,0 s,0 s,0 s,20.6 ms,859.5 µs,0 s,,,913.2 ms,0 s,0 s,0 s,156.5 µs,1.5 s,0 s,0 s,23.3 ms,0 s,0 s,0 s,557.0 µs,0 s,0 s,0 s,0 s,0 s,24.6 ms,0 s,0 s,0 s,0 s,0 s,0 s,25.7 ms,22.8 ms,0 s,0 s,0 s,0 s,0 s,0 s
2024-01-03 15:59:05,0 s,0 s,0 s,795.2 µs,0 s,0 s,0 s,0 s,0 s,0 s,0 s,66.9 ms,58.9 µs,0 s,0 s,0 s,0 s,0 s,0 s,0 s,0 s,0 s,480.1 µs,0 s,0 s,0 s,0 s,0 s,22.2 ms,861.7 µs,0 s,,,691.5 ms,0 s,0 s,0 s,153.6 µs,1.5 s,0 s,0 s,24.1 ms,0 s,0 s,0 s,556.8 µs,0 s,0 s,0 s,0 s,0 s,20.0 ms,0 s,0 s,0 s,0 s,0 s,0 s,23.4 ms,21.2 ms,0 s,0 s,0 s,0 s,0 s,0 s
2024-01-03 15:59:10,0 s,0 s,0 s,804.8 µs,0 s,0 s,0 s,0 s,0 s,0 s,0 s,58.3 ms,58.6 µs,0 s,0 s,0 s,0 s,0 s,0 s,0 s,0 s,0 s,485.8 µs,0 s,0 s,0 s,0 s,0 s,19.8 ms,861.1 µs,0 s,,,437.1 ms,0 s,0 s,0 s,156.1 µs,1.5 s,0 s,0 s,29.3 ms,0 s,0 s,0 s,567.0 µs,0 s,0 s,0 s,0 s,0 s,20.2 ms,0 s,0 s,0 s,0 s,0 s,0 s,23.8 ms,21.3 ms,0 s,0 s,0 s,0 s,71.9 µs,0 s
2024-01-03 15:59:15,0 s,0 s,0 s,798.2 µs,0 s,0 s,0 s,0 s,0 s,0 s,0 s,52.7 ms,58.8 µs,0 s,0 s,0 s,0 s,0 s,0 s,0 s,0 s,0 s,485.7 µs,0 s,0 s,0 s,0 s,0 s,23.3 ms,870.3 µs,0 s,,,,0 s,0 s,0 s,157.1 µs,1.5 s,0 s,0 s,23.6 ms,0 s,0 s,0 s,572.2 µs,0 s,0 s,0 s,0 s,0 s,27.9 ms,0 s,0 s,0 s,0 s,0 s,0 s,20.0 ms,25.3 ms,0 s,0 s,0 s,0 s,71.1 µs,0 s
2024-01-03 15:59:20,0 s,0 s,0 s,805.2 µs,0 s,0 s,0 s,0 s,0 s,0 s,0 s,53.9 ms,59.6 µs,0 s,0 s,0 s,606.8 µs,0 s,0 s,0 s,0 s,0 s,465.6 µs,0 s,0 s,0 s,0 s,0 s,25.0 ms,875.0 µs,0 s,,,,0 s,0 s,0 s,153.0 µs,1.6 s,0 s,0 s,39.8 ms,0 s,0 s,656.3 µs,568.3 µs,0 s,0 s,0 s,0 s,0 s,28.3 ms,0 s,0 s,0 s,0 s,0 s,0 s,36.5 ms,25.5 ms,0 s,774.6 µs,0 s,0 s,66.3 µs,0 s
2024-01-03 15:59:25,0 s,0 s,0 s,782.9 µs,0 s,0 s,0 s,0 s,0 s,0 s,0 s,53.3 ms,59.4 µs,0 s,0 s,0 s,611.7 µs,0 s,0 s,0 s,0 s,0 s,479.0 µs,0 s,0 s,0 s,0 s,0 s,21.2 ms,879.1 µs,0 s,,,,0 s,0 s,0 s,156.5 µs,1.6 s,0 s,0 s,45.1 ms,0 s,0 s,654.4 µs,555.4 µs,0 s,0 s,0 s,0 s,0 s,27.6 ms,0 s,0 s,0 s,0 s,0 s,0 s,35.8 ms,27.7 ms,0 s,761.5 µs,0 s,0 s,71.6 µs,0 s
2024-01-03 15:59:30,0 s,0 s,0 s,776.6 µs,0 s,0 s,0 s,0 s,0 s,0 s,0 s,53.6 ms,58.6 µs,0 s,0 s,0 s,612.1 µs,0 s,103.2 µs,0 s,0 s,0 s,473.8 µs,0 s,0 s,0 s,0 s,0 s,28.3 ms,863.3 µs,0 s,,,,0 s,0 s,0 s,159.1 µs,1.6 s,0 s,0 s,58.1 ms,0 s,0 s,656.4 µs,558.1 µs,0 s,0 s,0 s,0 s,0 s,28.6 ms,0 s,0 s,0 s,0 s,0 s,0 s,43.5 ms,36.4 ms,0 s,766.4 µs,0 s,0 s,70.1 µs,0 s
2024-01-03 15:59:35,0 s,0 s,0 s,782.2 µs,0 s,0 s,0 s,0 s,0 s,0 s,0 s,52.2 ms,59.1 µs,0 s,0 s,0 s,615.5 µs,0 s,103.3 µs,0 s,0 s,0 s,489.8 µs,0 s,0 s,0 s,0 s,0 s,27.7 ms,851.9 µs,0 s,,,,0 s,0 s,0 s,157.7 µs,1.6 s,0 s,0 s,57.5 ms,0 s,0 s,662.2 µs,557.4 µs,0 s,0 s,0 s,0 s,0 s,27.1 ms,0 s,0 s,0 s,0 s,0 s,0 s,42.0 ms,35.9 ms,0 s,759.7 µs,0 s,0 s,70.3 µs,0 s
2024-01-03 15:59:40,0 s,0 s,0 s,794.4 µs,0 s,0 s,217.7 µs,140.5 µs,0 s,0 s,0 s,59.5 ms,58.9 µs,0 s,0 s,0 s,622.1 µs,0 s,103.8 µs,0 s,0 s,0 s,0 s,0 s,0 s,0 s,784.2 µs,0 s,27.5 ms,883.7 µs,0 s,,,,0 s,0 s,0 s,156.8 µs,1.6 s,0 s,0 s,58.9 ms,0 s,0 s,662.4 µs,0 s,671.2 µs,0 s,0 s,0 s,0 s,36.8 ms,0 s,0 s,0 s,0 s,0 s,0 s,44.1 ms,40.1 ms,0 s,756.6 µs,0 s,0 s,69.6 µs,0 s
2024-01-03 15:59:45,0 s,0 s,0 s,777.1 µs,0 s,0 s,216.6 µs,140.0 µs,0 s,0 s,0 s,59.9 ms,59.7 µs,0 s,0 s,0 s,613.3 µs,0 s,104.1 µs,0 s,0 s,0 s,0 s,0 s,0 s,0 s,806.6 µs,0 s,28.0 ms,871.9 µs,0 s,,,,0 s,0 s,0 s,161.2 µs,1.7 s,0 s,417.9 µs,57.3 ms,0 s,0 s,661.9 µs,0 s,657.7 µs,0 s,0 s,0 s,0 s,39.9 ms,0 s,553.4 µs,0 s,0 s,0 s,0 s,41.6 ms,40.5 ms,0 s,761.5 µs,0 s,0 s,69.6 µs,0 s
2024-01-03 15:59:50,0 s,0 s,0 s,0 s,0 s,0 s,218.3 µs,139.4 µs,0 s,0 s,0 s,58.9 ms,58.6 µs,0 s,0 s,0 s,611.9 µs,0 s,104.6 µs,0 s,0 s,0 s,0 s,0 s,0 s,0 s,791.7 µs,0 s,27.5 ms,0 s,0 s,,,,0 s,0 s,0 s,0 s,1.7 s,0 s,413.3 µs,59.0 ms,0 s,0 s,667.7 µs,0 s,666.3 µs,0 s,0 s,0 s,0 s,39.7 ms,0 s,549.2 µs,0 s,0 s,0 s,0 s,46.1 ms,43.6 ms,0 s,762.8 µs,0 s,0 s,70.2 µs,0 s
2024-01-03 15:59:55,0 s,0 s,0 s,0 s,0 s,0 s,217.7 µs,140.0 µs,0 s,0 s,0 s,44.3 ms,59.1 µs,0 s,0 s,0 s,614.1 µs,0 s,102.7 µs,0 s,0 s,0 s,0 s,0 s,0 s,0 s,796.9 µs,0 s,40.1 ms,0 s,0 s,,,,0 s,0 s,0 s,0 s,1.6 s,0 s,410.5 µs,52.2 ms,0 s,0 s,655.8 µs,0 s,667.7 µs,0 s,0 s,0 s,0 s,41.2 ms,0 s,556.8 µs,0 s,0 s,0 s,0 s,37.7 ms,33.9 ms,0 s,760.7 µs,0 s,0 s,71.5 µs,0 s
2024-01-03 16:00:00,0 s,0 s,0 s,0 s,0 s,0 s,220.5 µs,138.6 µs,0 s,0 s,0 s,64.5 ms,0 s,0 s,0 s,0 s,617.3 µs,0 s,102.5 µs,0 s,0 s,0 s,0 s,0 s,0 s,0 s,797.8 µs,0 s,40.1 ms,0 s,0 s,,,,0 s,0 s,0 s,0 s,1.7 s,0 s,404.1 µs,59.5 ms,0 s,0 s,675.8 µs,0 s,673.8 µs,0 s,0 s,0 s,0 s,41.2 ms,0 s,549.5 µs,0 s,0 s,0 s,0 s,41.6 ms,34.2 ms,0 s,751.1 µs,0 s,0 s,69.6 µs,0 s

